,age,stints,G,tap,AB,R,H,db,tr,HR,RBI,SB,CS,BB,SO,IBB,hbp,SH,SF,GIDP,avg,obp,slg,woba,PRO,GURU,salary,multiple_positions,ops,WAR,Rookie contract,1B,2B,3B,C,DH,OF,P,SS,bats_B,bats_L,bats_R,throws_L,throws_R
0,32,1,159.0,693.0,634.0,85.0,180.0,38.0,1.0,33.0,123.0,2.0,2.0,36.0,152.0,4.0,13.0,0.0,10.0,24.0,0.283911672,0.33044733,0.503154574,0.354834055,245.9,79.64290358,16.015,0,0.833601904,1.6,0,1,0,0,0,0,0,0,0,0,0,1,0,1
3,23,1,152.0,584.0,531.0,69.0,135.0,25.0,1.0,20.0,52.0,4.0,2.0,46.0,153.0,1.0,3.0,3.0,1.0,9.0,0.254237288,0.316695353,0.418079096,0.320256849,187.03,49.14781781,0.5624,0,0.734774449,3.3,1,0,0,0,0,0,0,0,1,0,0,1,0,1
4,30,1,111.0,333.0,310.0,42.0,70.0,14.0,0.0,20.0,56.0,0.0,0.0,20.0,115.0,1.0,2.0,0.0,1.0,7.0,0.225806452,0.276276276,0.464516129,0.314294294,104.66,32.03722581,3.0,0,0.740792405,-0.2,0,1,0,0,0,0,0,0,0,0,1,0,0,1
6,29,1,83.0,234.0,202.0,34.0,55.0,8.0,3.0,5.0,22.0,0.0,2.0,20.0,40.0,1.0,6.0,2.0,4.0,2.0,0.272277228,0.349137931,0.415841584,0.33482906,78.35,32.18400854,1.3,1,0.764979515,0.7,0,0,0,1,0,0,0,0,0,1,0,0,0,1
8,29,1,158.0,625.0,556.0,79.0,141.0,33.0,6.0,19.0,82.0,8.0,2.0,52.0,113.0,2.0,4.0,1.0,12.0,15.0,0.253597122,0.315705128,0.43705036,0.323952,202.47,53.51784011,3.6625,0,0.752755488,3.3,0,0,0,0,0,0,0,0,1,0,0,1,0,1
9,26,1,139.0,550.0,524.0,62.0,160.0,21.0,2.0,12.0,51.0,4.0,4.0,16.0,50.0,1.0,4.0,3.0,3.0,9.0,0.305343512,0.329067642,0.421755725,0.326509091,179.58,50.74539956,0.578,1,0.750823367,2.0,0,0,1,0,0,0,0,0,0,0,0,1,0,1
10,22,1,160.0,702.0,640.0,102.0,189.0,43.0,8.0,24.0,86.0,15.0,4.0,54.0,112.0,6.0,4.0,0.0,4.0,2.0,0.2953125,0.351851852,0.5,0.366210826,257.08,90.07888211,1.0,0,0.851851852,4.2,1,0,1,0,0,0,0,0,0,1,0,0,0,1
11,26,1,130.0,465.0,431.0,44.0,113.0,14.0,1.0,18.0,57.0,4.0,4.0,22.0,154.0,1.0,10.0,0.0,2.0,12.0,0.262180975,0.311827957,0.424593968,0.321204301,149.36,42.93779671,0.57,1,0.7364219249999999,1.3,0,0,0,0,1,0,0,0,0,0,0,1,0,1
13,25,1,34.0,71.0,65.0,4.0,14.0,4.0,0.0,0.0,3.0,0.0,0.0,6.0,21.0,3.0,0.0,0.0,0.0,2.0,0.215384615,0.281690141,0.276923077,0.257464789,18.28,5.765062696,0.2984,1,0.5586132180000001,-0.3,1,0,0,0,1,0,0,0,0,0,1,0,0,1
14,26,1,89.0,256.0,231.0,30.0,53.0,9.0,3.0,4.0,27.0,8.0,2.0,11.0,53.0,1.0,9.0,4.0,1.0,3.0,0.229437229,0.28968254,0.346320346,0.279726563,71.61,17.71617741,0.370599,0,0.636002886,0.6,0,0,0,0,0,0,1,0,0,1,0,0,0,1
16,25,1,130.0,363.0,339.0,41.0,80.0,11.0,1.0,12.0,32.0,2.0,1.0,16.0,62.0,4.0,1.0,5.0,2.0,8.0,0.235988201,0.270949721,0.380530974,0.278980716,101.27,21.93895904,0.56253,0,0.651480695,-0.5,1,0,0,0,0,0,1,0,0,0,0,1,0,1
17,25,1,161.0,693.0,597.0,103.0,155.0,30.0,2.0,53.0,120.0,1.0,0.0,72.0,183.0,6.0,21.0,0.0,3.0,13.0,0.259631491,0.357864358,0.582914573,0.395757576,274.26,118.4942939,0.555,0,0.9407789310000001,4.4,1,1,0,0,0,0,0,0,0,0,0,1,0,1
18,32,2,121.0,335.0,292.0,34.0,58.0,13.0,0.0,10.0,37.0,0.0,1.0,39.0,70.0,3.0,2.0,0.0,2.0,13.0,0.198630137,0.295522388,0.345890411,0.288656716,96.7,23.59411483,0.205896,0,0.641412799,-1.3,0,1,0,0,0,0,0,0,0,0,1,0,0,1
20,29,1,124.0,548.0,500.0,89.0,149.0,27.0,3.0,31.0,74.0,6.0,5.0,41.0,82.0,0.0,3.0,1.0,3.0,19.0,0.298,0.352833638,0.55,0.382445256,209.58,90.02382711,9.5,1,0.902833638,4.3,0,0,1,0,0,0,0,0,0,0,0,1,0,1
21,22,1,87.0,369.0,313.0,58.0,98.0,26.0,0.0,27.0,78.0,0.0,0.0,52.0,94.0,4.0,2.0,0.0,2.0,9.0,0.313099042,0.411924119,0.654952077,0.445338753,164.33,121.6510884,0.337192,0,1.066876196,3.6,1,0,0,0,0,0,1,0,0,0,1,0,0,1
24,26,1,123.0,518.0,498.0,81.0,167.0,32.0,0.0,18.0,56.0,17.0,5.0,15.0,109.0,0.0,3.0,0.0,2.0,12.0,0.335341366,0.357142857,0.508032129,0.372837838,193.13,79.15703535,1.4,0,0.865174986,4.5,0,0,0,0,0,0,0,0,1,0,0,1,0,1
25,30,1,147.0,648.0,600.0,81.0,165.0,27.0,4.0,12.0,72.0,31.0,8.0,34.0,96.0,1.0,4.0,0.0,10.0,16.0,0.275,0.313271605,0.393333333,0.309259259,200.4,46.25603651,15.25,0,0.706604938,1.9,0,0,0,0,0,0,0,0,1,0,0,1,0,1
28,24,1,152.0,546.0,494.0,51.0,110.0,16.0,1.0,15.0,59.0,8.0,5.0,43.0,109.0,5.0,1.0,2.0,6.0,15.0,0.222672065,0.283088235,0.350202429,0.279413919,152.56,28.65047927,0.5657,0,0.633290664,-0.9,1,0,0,0,0,0,0,0,1,0,0,1,0,1
29,28,1,155.0,662.0,588.0,102.0,185.0,31.0,2.0,41.0,118.0,3.0,2.0,62.0,93.0,11.0,4.0,0.0,8.0,14.0,0.31462585,0.379154079,0.583333333,0.40641994,269.05,126.7663199,26.05,0,0.962487412,6.5,0,0,0,1,0,0,0,0,0,0,0,1,0,1
31,22,1,92.0,366.0,326.0,54.0,109.0,20.0,1.0,4.0,28.0,2.0,2.0,36.0,29.0,1.0,1.0,0.0,3.0,2.0,0.334355828,0.398907104,0.438650307,0.372759563,136.43,63.33072328,0.361064,1,0.837557411,1.8,1,0,1,0,0,0,0,0,0,0,1,0,0,1
33,25,1,41.0,135.0,122.0,11.0,24.0,4.0,0.0,0.0,4.0,1.0,1.0,8.0,28.0,0.0,2.0,3.0,0.0,2.0,0.196721312,0.257575758,0.229508197,0.223851852,30.22,5.22704541,0.23872,1,0.487083955,-0.9,1,0,0,0,0,0,0,0,1,0,0,1,0,1
34,27,1,58.0,204.0,190.0,28.0,51.0,9.0,0.0,4.0,21.0,0.0,0.0,5.0,8.0,0.0,5.0,0.0,4.0,6.0,0.268421053,0.299019608,0.378947368,0.296617647,60.51,18.96470443,0.526925,1,0.677966976,-0.1,0,0,0,0,1,0,0,0,0,0,0,1,0,1
37,32,1,63.0,201.0,164.0,22.0,34.0,8.0,0.0,9.0,24.0,1.0,0.0,36.0,68.0,7.0,1.0,0.0,0.0,8.0,0.207317073,0.353233831,0.420731707,0.345472637,69.44,32.72328721,4.25,1,0.773965538,1.2,0,0,0,0,1,0,0,0,0,0,1,0,0,1
38,25,1,128.0,406.0,347.0,54.0,71.0,14.0,3.0,12.0,39.0,11.0,3.0,46.0,117.0,4.0,10.0,1.0,2.0,3.0,0.204610951,0.313580247,0.365994236,0.305073892,123.86,32.63448465,0.509876,0,0.6795744829999999,1.7,1,0,0,0,0,0,1,0,0,0,0,1,0,1
39,26,1,138.0,561.0,531.0,89.0,149.0,38.0,4.0,29.0,85.0,11.0,7.0,28.0,156.0,3.0,0.0,0.0,2.0,16.0,0.280602637,0.315508021,0.531073446,0.356987522,200.27,71.11791709,5.2,1,0.846581467,5.8,0,0,0,0,0,0,0,0,1,0,0,1,0,1
40,29,1,75.0,242.0,212.0,28.0,43.0,12.0,1.0,5.0,25.0,3.0,0.0,23.0,56.0,3.0,5.0,0.0,2.0,8.0,0.202830189,0.29338843,0.339622642,0.285123967,69.0,18.32104901,0.451286,1,0.633011072,0.6,0,0,0,0,1,0,0,0,0,0,0,1,0,1
41,28,1,114.0,364.0,316.0,32.0,73.0,14.0,0.0,11.0,40.0,1.0,0.0,44.0,83.0,7.0,2.0,1.0,1.0,5.0,0.231012658,0.327823692,0.379746835,0.316456044,115.19,34.77213733,2.9375,1,0.707570527,0.6,0,0,0,0,1,0,0,0,0,1,0,0,0,1
45,23,1,117.0,423.0,372.0,46.0,84.0,16.0,1.0,12.0,43.0,3.0,3.0,45.0,115.0,0.0,3.0,0.0,3.0,3.0,0.225806452,0.312056738,0.370967742,0.304846336,128.95,33.4116823,0.470028,1,0.68302448,-0.4,1,0,0,0,0,0,1,0,0,0,1,0,1,0
46,26,1,99.0,268.0,249.0,36.0,66.0,19.0,1.0,9.0,46.0,5.0,0.0,17.0,33.0,2.0,2.0,0.0,0.0,6.0,0.265060241,0.317164179,0.457831325,0.334738806,89.71,35.06889489,0.405824,1,0.7749955040000001,0.2,0,1,0,0,0,0,0,0,0,0,1,0,0,1
47,32,1,83.0,240.0,223.0,29.0,48.0,13.0,2.0,6.0,15.0,3.0,1.0,13.0,68.0,0.0,4.0,0.0,0.0,6.0,0.215246637,0.270833333,0.372197309,0.281666667,67.6,17.4324325,0.7,1,0.643030642,-0.7,0,0,1,0,0,0,0,0,0,0,0,1,0,1
49,23,1,156.0,660.0,558.0,121.0,170.0,34.0,3.0,47.0,115.0,15.0,5.0,95.0,108.0,21.0,3.0,0.0,4.0,10.0,0.304659498,0.406060606,0.629032258,0.434151515,286.54,160.8823019,0.605,1,1.035092864,7.7,1,0,0,0,0,0,1,0,0,0,1,0,1,0
50,26,1,143.0,613.0,527.0,94.0,146.0,37.0,3.0,37.0,116.0,0.0,1.0,74.0,118.0,13.0,5.0,0.0,7.0,11.0,0.277039848,0.367047308,0.569259962,0.39451876,241.84,108.3045567,0.587,0,0.9363072699999999,2.9,0,1,0,0,0,0,0,0,0,1,0,0,0,1
51,31,1,156.0,616.0,526.0,76.0,123.0,32.0,3.0,17.0,57.0,4.0,3.0,83.0,127.0,3.0,3.0,0.0,4.0,6.0,0.233840304,0.339285714,0.403041825,0.330227273,203.42,56.8586434,17.2,1,0.742327539,0.6,0,1,0,0,0,0,0,0,0,0,1,0,1,0
53,24,1,138.0,615.0,541.0,72.0,144.0,40.0,5.0,13.0,68.0,10.0,3.0,59.0,140.0,1.0,7.0,3.0,5.0,6.0,0.266173752,0.343137255,0.430683919,0.33801626,207.88,61.82991572,0.7175,0,0.7738211740000001,1.8,1,0,0,0,0,0,1,0,0,0,1,0,1,0
54,29,1,73.0,287.0,256.0,52.0,70.0,14.0,1.0,6.0,24.0,17.0,3.0,24.0,73.0,0.0,6.0,0.0,1.0,2.0,0.2734375,0.348432056,0.40625,0.336236934,96.5,37.24084053,0.486392,1,0.754682056,1.7,0,0,0,0,0,0,0,0,1,0,0,1,0,1
55,26,1,150.0,706.0,597.0,135.0,176.0,40.0,5.0,29.0,80.0,16.0,3.0,97.0,101.0,6.0,3.0,0.0,9.0,11.0,0.29480737,0.390934844,0.524288107,0.393541077,277.84,117.4855907,20.1,0,0.915222951,6.4,0,0,0,0,0,0,1,0,0,0,0,1,0,1
56,20,1,46.0,212.0,196.0,32.0,61.0,18.0,0.0,11.0,21.0,4.0,4.0,14.0,50.0,0.0,1.0,0.0,1.0,2.0,0.31122449,0.358490566,0.571428571,0.393396226,83.4,54.32785842,0.187992,0,0.929919137,1.4,1,0,0,0,0,0,0,0,1,0,0,1,0,1
57,24,1,100.0,429.0,354.0,66.0,83.0,17.0,2.0,16.0,48.0,14.0,0.0,71.0,123.0,0.0,2.0,0.0,2.0,0.0,0.234463277,0.363636364,0.429378531,0.352494173,151.22,57.19940068,0.384936,1,0.793014895,2.6,1,0,1,0,0,0,0,0,0,0,1,0,0,1
59,26,1,27.0,60.0,56.0,3.0,6.0,0.0,0.0,0.0,4.0,0.0,0.0,3.0,21.0,0.0,0.0,1.0,0.0,0.0,0.107142857,0.152542373,0.107142857,0.126,7.56,0.384017777,0.393888,0,0.25968523,-0.7,0,0,0,0,0,0,1,0,0,0,0,1,0,1
60,32,1,140.0,634.0,580.0,112.0,182.0,42.0,7.0,32.0,86.0,2.0,5.0,40.0,104.0,1.0,9.0,0.0,5.0,11.0,0.313793103,0.364353312,0.575862069,0.397239748,251.85,113.4683364,21.333333,0,0.940215381,1.7,0,0,0,0,0,0,1,0,0,0,1,0,1,0
61,26,1,23.0,50.0,36.0,6.0,9.0,1.0,0.0,1.0,3.0,0.0,0.0,10.0,14.0,0.0,2.0,0.0,2.0,1.0,0.25,0.42,0.361111111,0.3638,18.19,16.21312592,0.320679,1,0.781111111,0.3,0,0,1,0,0,0,0,0,0,0,0,1,0,1
62,26,1,155.0,698.0,614.0,110.0,190.0,52.0,0.0,33.0,117.0,4.0,2.0,76.0,122.0,2.0,2.0,0.0,6.0,11.0,0.309446254,0.383954155,0.555374593,0.400501433,279.55,124.3174359,12.0,0,0.9393287480000001,5.9,0,0,0,0,0,0,0,0,1,0,0,1,0,1
65,26,1,127.0,356.0,303.0,47.0,78.0,17.0,0.0,11.0,41.0,5.0,1.0,44.0,93.0,4.0,7.0,0.0,2.0,11.0,0.257425743,0.362359551,0.422442244,0.349606742,124.46,49.26564919,0.5715,1,0.784801795,1.9,0,0,0,1,0,0,0,0,0,0,0,1,0,1
67,31,1,52.0,170.0,151.0,18.0,26.0,5.0,0.0,8.0,26.0,0.0,0.0,17.0,52.0,0.0,1.0,0.0,1.0,7.0,0.172185431,0.258823529,0.364238411,0.273470588,46.49,12.55531832,2.5,0,0.6230619399999999,-0.6,0,1,0,0,0,0,0,0,0,0,1,0,0,1
70,32,1,148.0,637.0,575.0,88.0,179.0,40.0,2.0,22.0,90.0,3.0,2.0,51.0,66.0,3.0,7.0,0.0,4.0,21.0,0.311304348,0.372056515,0.502608696,0.378477237,241.09,95.4332522,16.0,0,0.8746652109999999,3.8,0,0,0,0,0,0,1,0,0,0,1,0,1,0
72,35,1,144.0,504.0,459.0,70.0,131.0,31.0,2.0,22.0,75.0,11.0,1.0,34.0,105.0,1.0,8.0,0.0,3.0,15.0,0.28540305,0.343253968,0.505446623,0.363769841,183.34,71.11323592,19.0,0,0.8487005910000001,2.1,0,0,0,0,0,0,1,0,0,0,0,1,0,1
73,25,1,156.0,690.0,554.0,122.0,164.0,37.0,2.0,41.0,112.0,5.0,1.0,119.0,83.0,2.0,9.0,0.0,8.0,9.0,0.296028881,0.423188406,0.592057762,0.430405797,296.98,160.3856434,2.307166,1,1.015246168,8.1,1,0,0,1,0,0,0,0,0,0,0,1,0,1
74,25,1,75.0,248.0,226.0,15.0,39.0,9.0,1.0,0.0,15.0,1.0,1.0,13.0,74.0,1.0,6.0,2.0,1.0,8.0,0.172566372,0.235772358,0.221238938,0.212419355,52.68,6.374135494,0.272785,0,0.457011296,-1.7,1,0,0,0,0,0,1,0,0,0,0,1,0,1
78,29,3,100.0,228.0,204.0,24.0,34.0,4.0,0.0,6.0,16.0,10.0,6.0,20.0,104.0,0.0,1.0,1.0,2.0,5.0,0.166666667,0.242290749,0.274509804,0.234254386,53.41,8.624370134,0.19981,0,0.516800553,-0.3,0,0,0,0,0,0,1,0,0,0,0,1,0,1
79,32,2,98.0,333.0,310.0,43.0,67.0,17.0,0.0,26.0,59.0,1.0,0.0,19.0,82.0,0.0,1.0,0.0,3.0,5.0,0.216129032,0.261261261,0.522580645,0.323753754,107.81,35.68880212,1.0,1,0.783841906,0.8,0,0,0,0,0,0,1,0,0,0,1,0,1,0
80,27,1,147.0,634.0,543.0,108.0,153.0,35.0,1.0,31.0,77.0,4.0,0.0,74.0,145.0,1.0,15.0,0.0,2.0,10.0,0.281767956,0.38170347,0.521178637,0.390126183,247.34,106.2452268,12.9,1,0.9028821069999999,4.7,0,0,0,1,0,0,0,0,0,0,0,1,0,1
84,34,1,133.0,397.0,378.0,43.0,106.0,22.0,1.0,7.0,47.0,2.0,0.0,17.0,41.0,3.0,1.0,1.0,0.0,14.0,0.28042328,0.313131313,0.3994709,0.312040302,123.88,34.92517411,1.15,0,0.712602213,-0.3,0,0,0,0,0,0,1,0,0,1,0,0,1,0
85,36,1,136.0,549.0,493.0,41.0,139.0,21.0,0.0,12.0,59.0,0.0,0.0,48.0,108.0,4.0,3.0,0.0,5.0,18.0,0.281947262,0.346083789,0.397565923,0.330874317,181.65,53.19680812,30.0,0,0.743649712,-0.5,0,1,0,0,0,0,0,0,0,0,0,1,0,1
86,33,1,148.0,622.0,562.0,75.0,146.0,30.0,0.0,11.0,48.0,18.0,8.0,50.0,106.0,0.0,6.0,0.0,4.0,14.0,0.259786477,0.324758842,0.371886121,0.311334405,193.65,46.16983207,15.025,0,0.696644963,1.3,0,0,0,0,0,0,1,0,0,0,0,1,0,1
87,40,1,152.0,631.0,552.0,92.0,128.0,29.0,1.0,33.0,74.0,4.0,1.0,70.0,162.0,7.0,7.0,0.0,2.0,14.0,0.231884058,0.324881141,0.467391304,0.342345483,216.02,65.83482526,10.5,0,0.792272445,2.3,0,0,0,0,0,0,1,0,0,0,1,0,1,0
88,24,1,83.0,337.0,309.0,51.0,83.0,14.0,1.0,21.0,48.0,0.0,0.0,23.0,53.0,0.0,3.0,0.0,2.0,5.0,0.268608414,0.323442137,0.524271845,0.358991098,120.98,52.38096238,0.384936,0,0.847713982,0.2,1,0,0,0,0,0,1,0,0,0,1,0,0,1
91,30,1,126.0,497.0,410.0,80.0,112.0,16.0,3.0,26.0,58.0,3.0,2.0,67.0,107.0,1.0,18.0,0.0,2.0,10.0,0.273170732,0.39637827,0.517073171,0.396901409,197.26,96.79627456,2.05,1,0.9134514410000001,4.0,0,0,0,0,0,0,1,0,0,0,0,1,0,1
92,36,1,107.0,423.0,390.0,46.0,100.0,28.0,0.0,13.0,39.0,0.0,0.0,25.0,69.0,3.0,5.0,0.0,3.0,16.0,0.256410256,0.307328605,0.428205128,0.318959811,134.92,39.39512587,19.0,0,0.735533733,1.0,0,0,1,0,0,0,0,0,0,0,1,0,0,1
93,25,1,95.0,279.0,244.0,31.0,65.0,11.0,0.0,11.0,34.0,1.0,0.0,29.0,59.0,0.0,3.0,0.0,3.0,6.0,0.266393443,0.347670251,0.446721312,0.347383513,96.92,41.18299529,0.5695,1,0.794391563,1.2,1,0,0,0,1,0,0,0,0,1,0,0,0,1
94,33,1,129.0,492.0,416.0,59.0,94.0,20.0,2.0,15.0,46.0,6.0,1.0,63.0,129.0,0.0,7.0,1.0,5.0,3.0,0.225961539,0.33401222,0.391826923,0.323333333,159.08,45.60066284,14.75,1,0.725839143,1.7,0,0,0,1,0,0,0,0,0,0,1,0,0,1
95,30,1,84.0,236.0,207.0,24.0,52.0,9.0,0.0,8.0,32.0,0.0,0.0,25.0,59.0,1.0,1.0,0.0,3.0,1.0,0.25120773,0.330508475,0.410628019,0.326313559,77.01,29.46329163,0.95,1,0.741136494,1.0,0,0,0,0,1,0,0,0,0,0,0,1,0,1
96,27,2,151.0,664.0,615.0,100.0,178.0,58.0,3.0,27.0,73.0,2.0,2.0,41.0,143.0,1.0,5.0,0.0,3.0,12.0,0.289430894,0.337349398,0.525203252,0.366746988,243.52,87.39117483,2.8597,0,0.86255265,2.5,0,0,0,0,0,0,1,0,0,0,0,1,0,1
97,32,1,72.0,251.0,230.0,19.0,48.0,12.0,0.0,12.0,41.0,0.0,0.0,16.0,74.0,0.0,3.0,0.0,2.0,8.0,0.208695652,0.266932271,0.417391304,0.293426295,73.65,20.81964855,7.25,0,0.6843235750000001,-1.0,0,0,0,0,1,0,0,0,0,0,0,1,0,1
99,25,1,97.0,369.0,354.0,30.0,103.0,10.0,4.0,5.0,38.0,4.0,2.0,9.0,86.0,0.0,0.0,2.0,4.0,6.0,0.290960452,0.305177112,0.384180791,0.299376694,110.47,28.66263375,0.390904,1,0.689357903,-0.4,1,0,0,0,0,0,1,0,0,0,1,0,0,1
100,32,1,79.0,275.0,237.0,39.0,55.0,9.0,0.0,13.0,30.0,0.0,0.0,33.0,88.0,0.0,3.0,1.0,1.0,0.0,0.232067511,0.332116788,0.434599156,0.335345455,92.22,35.88815168,8.0,0,0.766715944,1.7,0,0,0,0,1,0,0,0,0,0,1,0,0,1
101,29,1,162.0,676.0,636.0,68.0,172.0,31.0,4.0,22.0,86.0,2.0,2.0,28.0,111.0,2.0,3.0,0.0,9.0,23.0,0.270440252,0.300295858,0.435534591,0.31581361,213.49,51.29557375,11.857142,1,0.735830449,1.9,0,0,1,0,0,0,0,0,0,0,0,1,0,1
103,26,1,72.0,228.0,198.0,28.0,51.0,11.0,2.0,8.0,25.0,0.0,0.0,21.0,71.0,0.0,8.0,0.0,1.0,5.0,0.257575758,0.350877193,0.454545455,0.352982456,80.48,38.36060126,0.397062,0,0.805422648,1.0,0,0,0,0,0,0,1,0,0,0,1,0,1,0
107,26,1,156.0,670.0,583.0,102.0,145.0,36.0,3.0,36.0,91.0,1.0,1.0,73.0,147.0,0.0,11.0,0.0,3.0,12.0,0.248713551,0.341791045,0.506003431,0.363179105,243.33,84.82297967,0.58,0,0.847794476,5.7,0,0,0,1,0,0,0,0,0,0,0,1,0,1
109,35,1,114.0,437.0,366.0,57.0,87.0,22.0,1.0,17.0,58.0,1.0,2.0,51.0,125.0,1.0,13.0,2.0,5.0,11.0,0.237704918,0.347126437,0.442622951,0.344988558,150.76,53.51837792,5.75,0,0.7897493879999999,2.2,0,0,0,0,1,0,0,0,0,0,0,1,0,1
115,26,1,151.0,648.0,549.0,90.0,141.0,29.0,1.0,33.0,92.0,7.0,2.0,84.0,149.0,5.0,10.0,0.0,5.0,11.0,0.256830601,0.362654321,0.493624772,0.370447531,240.05,89.23987475,4.025,0,0.8562790929999999,4.4,0,0,0,0,0,0,1,0,0,0,1,0,0,1
116,27,1,105.0,409.0,360.0,57.0,98.0,18.0,2.0,24.0,64.0,1.0,2.0,38.0,102.0,2.0,9.0,0.0,2.0,4.0,0.272222222,0.354523227,0.533333333,0.378850856,154.95,72.12954181,0.684,1,0.8878565599999999,2.6,0,0,0,0,1,0,0,0,0,0,0,1,0,1
117,28,1,107.0,421.0,381.0,52.0,107.0,16.0,1.0,15.0,50.0,0.0,0.0,33.0,110.0,0.0,5.0,0.0,2.0,10.0,0.280839895,0.344418052,0.446194226,0.345985748,145.66,52.80781145,0.555,1,0.790612278,1.6,0,1,0,0,0,0,0,0,0,0,0,1,0,1
119,27,1,97.0,247.0,217.0,22.0,48.0,8.0,0.0,7.0,24.0,3.0,1.0,19.0,69.0,0.0,3.0,6.0,2.0,2.0,0.221198157,0.290456432,0.35483871,0.280161943,69.2,17.41329944,0.49236,0,0.6452951419999999,0.3,0,0,0,0,0,0,1,0,0,0,0,1,0,1
120,24,1,75.0,321.0,280.0,42.0,78.0,16.0,1.0,21.0,59.0,1.0,0.0,35.0,75.0,0.0,2.0,0.0,4.0,8.0,0.278571429,0.358255452,0.567857143,0.389563863,125.05,68.36838178,5.0,0,0.926112595,3.8,1,0,0,0,0,0,0,0,1,0,0,1,0,1
125,32,1,147.0,560.0,500.0,58.0,114.0,24.0,2.0,11.0,59.0,3.0,2.0,53.0,117.0,5.0,3.0,0.0,4.0,10.0,0.228,0.303571429,0.35,0.292928571,164.04,34.58109905,15.2,0,0.653571429,0.4,0,0,0,0,0,0,0,0,1,0,1,0,0,1
129,38,1,120.0,520.0,454.0,81.0,141.0,26.0,0.0,41.0,108.0,0.0,1.0,56.0,131.0,8.0,7.0,0.0,3.0,14.0,0.310572687,0.392307692,0.63876652,0.431461539,224.36,135.0259008,14.0,0,1.031074212,4.3,0,0,0,0,0,1,0,0,0,0,0,1,0,1
132,26,1,87.0,330.0,309.0,24.0,76.0,14.0,0.0,9.0,40.0,1.0,0.0,19.0,67.0,1.0,2.0,0.0,0.0,14.0,0.245954693,0.293939394,0.378640777,0.296333333,97.79,25.71080701,0.55754,1,0.672580171,-1.0,0,1,0,0,0,0,0,0,0,0,0,1,0,1
133,25,1,100.0,413.0,374.0,67.0,113.0,28.0,5.0,15.0,61.0,4.0,4.0,28.0,110.0,0.0,4.0,2.0,5.0,3.0,0.302139037,0.352798054,0.524064171,0.371501211,153.43,67.58479903,0.56,0,0.876862225,1.7,1,0,0,0,0,0,1,0,0,0,1,0,0,1
135,33,1,105.0,352.0,307.0,26.0,55.0,9.0,0.0,12.0,36.0,0.0,0.0,39.0,139.0,1.0,3.0,0.0,3.0,6.0,0.179153095,0.275568182,0.325732899,0.271278409,95.49,19.42694388,21.065362,1,0.601301081,-1.3,0,1,0,0,0,0,0,0,0,0,1,0,0,1
138,27,1,37.0,95.0,83.0,8.0,15.0,1.0,0.0,2.0,6.0,3.0,1.0,5.0,24.0,0.0,5.0,1.0,1.0,1.0,0.180722892,0.265957447,0.265060241,0.245157895,23.29,5.811816138,0.244688,0,0.5310176879999999,-0.1,0,0,0,0,0,0,1,0,0,0,0,1,0,1
140,31,1,133.0,533.0,481.0,61.0,106.0,11.0,0.0,23.0,73.0,0.0,0.0,47.0,146.0,3.0,3.0,0.0,2.0,11.0,0.22037422,0.292682927,0.386694387,0.29902439,159.38,36.11297198,16.5,0,0.6793773139999999,-0.9,0,0,0,0,0,0,1,0,0,0,0,1,0,1
144,25,1,64.0,189.0,178.0,17.0,40.0,14.0,0.0,6.0,21.0,0.0,2.0,9.0,47.0,1.0,0.0,1.0,1.0,5.0,0.224719101,0.260638298,0.404494382,0.283280423,53.54,15.27529432,0.226784,1,0.6651326799999999,-0.6,1,0,0,0,0,0,1,0,0,0,0,1,0,1
145,25,1,159.0,664.0,583.0,97.0,136.0,31.0,1.0,30.0,78.0,9.0,5.0,62.0,149.0,1.0,13.0,0.0,6.0,15.0,0.233276158,0.317771084,0.444253859,0.330557229,219.49,59.87301857,1.666666,0,0.7620249429999999,3.7,1,0,0,0,0,0,0,0,1,0,0,1,0,1
147,24,1,48.0,186.0,169.0,24.0,38.0,7.0,2.0,3.0,10.0,3.0,0.0,14.0,63.0,0.0,1.0,1.0,1.0,3.0,0.224852071,0.286486487,0.343195266,0.278924731,51.88,14.29047922,0.17904,0,0.6296817530000001,-0.5,1,0,0,0,0,0,1,0,0,0,0,1,0,1
148,32,1,82.0,193.0,168.0,20.0,29.0,5.0,1.0,2.0,15.0,2.0,1.0,23.0,57.0,0.0,0.0,1.0,1.0,3.0,0.172619048,0.270833333,0.25,0.244145078,47.12,9.011167092,1.5,1,0.520833333,-1.2,0,0,1,0,0,0,0,0,0,0,1,0,0,1
149,26,1,118.0,408.0,357.0,42.0,89.0,15.0,4.0,4.0,32.0,24.0,6.0,38.0,100.0,0.0,3.0,8.0,2.0,8.0,0.24929972,0.325,0.347338936,0.298161765,121.65,30.11711361,1.4,0,0.672338936,0.9,0,0,0,0,0,0,1,0,0,0,0,1,0,1
150,33,1,140.0,482.0,443.0,64.0,113.0,31.0,4.0,20.0,65.0,3.0,3.0,34.0,119.0,1.0,2.0,1.0,2.0,12.0,0.255079007,0.30977131,0.478555305,0.335809129,161.86,51.65502079,15.0,1,0.788326615,-0.5,0,0,0,0,0,0,1,0,0,0,0,1,0,1
151,22,1,156.0,702.0,647.0,129.0,201.0,54.0,4.0,32.0,115.0,8.0,8.0,48.0,119.0,7.0,4.0,1.0,2.0,8.0,0.310664606,0.360912982,0.554868624,0.388974359,273.06,112.1899205,0.6145,1,0.915781606,6.7,1,0,0,1,0,0,0,0,0,0,1,0,0,1
152,28,1,69.0,247.0,210.0,36.0,57.0,12.0,1.0,9.0,40.0,2.0,0.0,26.0,28.0,1.0,5.0,0.0,6.0,10.0,0.271428571,0.356275304,0.466666667,0.35611336,87.96,41.69587458,2.0,1,0.822941971,1.3,0,1,0,0,0,0,0,0,0,0,0,1,0,1
153,28,1,101.0,332.0,303.0,31.0,73.0,14.0,0.0,2.0,28.0,0.0,0.0,23.0,56.0,0.0,2.0,1.0,3.0,11.0,0.240924092,0.296072508,0.306930693,0.272951807,90.62,19.13670066,0.5785,0,0.6030032009999999,-1.5,0,0,0,0,1,0,0,0,0,0,0,1,0,1
155,27,1,79.0,347.0,307.0,53.0,82.0,20.0,1.0,14.0,38.0,2.0,2.0,35.0,61.0,1.0,1.0,0.0,4.0,9.0,0.267100977,0.340057637,0.475570033,0.351325648,121.91,49.33788014,0.5584,1,0.81562767,1.6,0,0,0,1,0,0,0,0,0,0,0,1,0,1
156,29,2,68.0,190.0,174.0,29.0,48.0,13.0,3.0,6.0,28.0,1.0,1.0,13.0,42.0,1.0,2.0,0.0,1.0,5.0,0.275862069,0.331578947,0.488505747,0.351368421,66.76,33.57100751,0.301384,0,0.820084694,0.3,0,0,0,0,0,0,1,0,0,0,1,0,1,0
158,29,1,113.0,305.0,251.0,41.0,47.0,8.0,2.0,19.0,43.0,1.0,1.0,28.0,74.0,2.0,25.0,0.0,1.0,2.0,0.187250996,0.327868853,0.462151394,0.344918033,105.2,42.48381598,2.0,1,0.790020247,0.7,0,0,1,0,0,0,0,0,0,0,1,0,0,1
161,27,1,117.0,420.0,391.0,41.0,97.0,20.0,4.0,15.0,52.0,5.0,1.0,21.0,136.0,0.0,4.0,0.0,4.0,5.0,0.248081841,0.290476191,0.434782609,0.310976191,130.61,35.75955257,0.49236,1,0.7252588,0.4,0,1,0,0,0,0,0,0,0,0,0,1,0,1
162,33,1,155.0,659.0,549.0,96.0,142.0,33.0,0.0,37.0,94.0,4.0,2.0,100.0,155.0,2.0,8.0,0.0,2.0,13.0,0.258652095,0.379362671,0.520947177,0.388270106,255.87,107.0335682,23.0,0,0.900309848,5.2,0,0,0,1,0,0,0,0,0,0,0,1,0,1
163,32,1,135.0,482.0,416.0,54.0,99.0,20.0,0.0,20.0,50.0,3.0,4.0,61.0,105.0,2.0,4.0,0.0,1.0,11.0,0.237980769,0.340248963,0.430288462,0.339875519,163.82,53.96848467,9.0,1,0.770537425,1.1,0,0,1,0,0,0,0,0,0,0,0,1,0,1
164,27,1,139.0,586.0,523.0,75.0,146.0,29.0,10.0,26.0,84.0,2.0,2.0,55.0,148.0,2.0,3.0,0.0,5.0,9.0,0.2791587,0.348122867,0.521988528,0.370324232,217.01,83.57553686,0.567225,1,0.8701113949999999,2.7,0,0,0,1,0,0,0,0,0,0,0,1,0,1
165,26,1,120.0,447.0,418.0,43.0,91.0,21.0,1.0,15.0,41.0,0.0,1.0,25.0,113.0,0.0,1.0,0.0,3.0,6.0,0.217703349,0.261744966,0.380382775,0.277852349,124.2,24.69822733,1.3,1,0.642127741,-0.2,0,0,0,1,0,0,0,0,0,0,0,1,0,1
168,28,1,46.0,169.0,147.0,12.0,37.0,8.0,0.0,1.0,12.0,0.0,1.0,19.0,29.0,0.0,2.0,0.0,1.0,4.0,0.25170068,0.343195266,0.326530612,0.309171598,52.25,19.55058438,2.675,1,0.6697258779999999,-0.1,0,0,0,1,0,0,0,0,0,0,0,1,0,1
170,30,1,41.0,130.0,120.0,17.0,32.0,4.0,1.0,10.0,19.0,0.0,0.0,7.0,39.0,0.0,2.0,0.0,1.0,0.0,0.266666667,0.315384615,0.566666667,0.368153846,47.86,31.20730708,2.0,0,0.8820512819999999,0.9,0,0,0,0,0,0,1,0,0,0,0,1,0,1
171,34,1,130.0,452.0,400.0,65.0,92.0,11.0,2.0,7.0,27.0,30.0,4.0,47.0,86.0,0.0,2.0,1.0,2.0,1.0,0.23,0.312638581,0.32,0.288827434,130.55,28.64166554,4.0,0,0.632638581,1.3,0,0,0,0,0,0,1,0,0,0,1,0,0,1
172,30,1,151.0,656.0,566.0,103.0,158.0,25.0,7.0,15.0,49.0,15.0,3.0,65.0,106.0,0.0,13.0,9.0,3.0,8.0,0.279151944,0.364760433,0.427561838,0.346981707,227.62,70.87941937,8.4,0,0.792322271,2.5,0,0,0,0,0,0,1,0,0,0,1,0,1,0
175,36,2,109.0,486.0,418.0,81.0,102.0,18.0,0.0,34.0,86.0,0.0,1.0,58.0,103.0,1.0,7.0,0.0,3.0,4.0,0.244019139,0.343621399,0.531100479,0.371666667,180.63,75.1263184,8.0,1,0.874721878,2.5,0,1,0,0,0,0,0,0,0,0,0,1,0,1
176,27,1,89.0,248.0,227.0,26.0,55.0,10.0,2.0,6.0,26.0,3.0,3.0,14.0,78.0,0.0,6.0,1.0,0.0,5.0,0.242290749,0.303643725,0.383259912,0.302822581,75.1,23.17181606,0.34384,0,0.6869036369999999,0.9,0,0,0,0,0,0,1,0,0,0,0,1,0,1
178,30,1,158.0,699.0,636.0,94.0,171.0,29.0,10.0,35.0,118.0,5.0,1.0,50.0,130.0,3.0,3.0,0.0,10.0,8.0,0.268867925,0.320457797,0.511006289,0.351015737,245.36,76.99099178,6.166666,1,0.831464086,2.9,0,0,0,1,0,0,0,0,0,1,0,0,0,1
180,28,1,97.0,197.0,183.0,22.0,42.0,6.0,0.0,9.0,27.0,4.0,1.0,10.0,59.0,1.0,3.0,0.0,1.0,1.0,0.229508197,0.279187817,0.409836066,0.298172589,58.74,18.90195023,0.5575,1,0.689023883,0.0,0,0,1,0,0,0,0,0,0,0,0,1,0,1
181,31,1,29.0,83.0,75.0,6.0,12.0,2.0,0.0,4.0,7.0,1.0,0.0,5.0,31.0,0.0,0.0,3.0,0.0,1.0,0.16,0.2125,0.346666667,0.232289157,19.28,4.380675205,0.196944,1,0.559166667,-0.2,0,0,0,0,1,0,0,0,0,0,0,1,0,1
184,25,1,154.0,653.0,596.0,83.0,173.0,30.0,4.0,6.0,49.0,8.0,3.0,55.0,64.0,2.0,0.0,1.0,1.0,8.0,0.290268456,0.349693252,0.384228188,0.328392037,214.44,57.8361409,0.5615,1,0.73392144,3.1,1,0,0,1,0,0,0,0,0,0,0,1,0,1
185,27,1,89.0,285.0,265.0,31.0,84.0,18.0,0.0,9.0,37.0,0.0,0.0,15.0,31.0,0.0,4.0,0.0,1.0,9.0,0.316981132,0.361403509,0.486792453,0.36831579,104.97,51.65691688,3.75,1,0.848195962,1.5,0,0,1,0,0,0,0,0,0,0,0,1,0,1
186,33,1,85.0,310.0,271.0,36.0,62.0,11.0,3.0,11.0,34.0,0.0,0.0,31.0,105.0,3.0,6.0,0.0,2.0,8.0,0.228782288,0.319354839,0.413284133,0.322225807,99.89,33.50894776,4.0,0,0.7326389719999999,2.1,0,0,0,0,1,0,0,0,0,0,0,1,0,1
188,32,1,101.0,366.0,317.0,38.0,72.0,17.0,1.0,7.0,39.0,2.0,0.0,44.0,100.0,0.0,3.0,0.0,2.0,8.0,0.227129338,0.325136612,0.353312303,0.307431694,112.52,31.40643788,2.0,1,0.6784489149999999,-0.6,0,1,0,0,0,0,0,0,0,0,0,1,0,1
189,33,1,150.0,574.0,487.0,69.0,116.0,24.0,1.0,19.0,67.0,8.0,5.0,74.0,142.0,1.0,8.0,1.0,4.0,6.0,0.238193019,0.345549738,0.40862423,0.335278746,192.45,57.43376398,16.5,0,0.7541739679999999,0.6,0,0,0,0,0,0,1,0,0,1,0,0,0,1
191,26,1,123.0,428.0,389.0,48.0,91.0,17.0,0.0,17.0,56.0,0.0,0.0,36.0,61.0,19.0,0.0,0.0,3.0,14.0,0.233933162,0.296728972,0.40874036,0.307126168,131.45,34.58939663,5.2,1,0.7054693320000001,-0.8,0,0,0,1,0,0,0,0,0,0,0,1,0,1
193,27,1,152.0,608.0,554.0,80.0,154.0,33.0,7.0,10.0,50.0,5.0,5.0,40.0,75.0,4.0,9.0,4.0,1.0,6.0,0.277978339,0.336092715,0.416967509,0.32975329,200.49,56.09091079,0.584,0,0.753060224,2.7,0,0,1,0,0,0,0,0,0,0,1,0,0,1
195,33,1,133.0,499.0,447.0,63.0,112.0,19.0,2.0,21.0,67.0,1.0,2.0,40.0,106.0,1.0,12.0,0.0,0.0,9.0,0.250559284,0.328657315,0.44295302,0.33753507,168.43,53.80850184,9.0,1,0.771610335,2.0,0,0,0,1,0,0,0,0,0,0,0,1,0,1
196,29,1,158.0,692.0,597.0,113.0,176.0,34.0,2.0,38.0,121.0,6.0,3.0,87.0,127.0,11.0,6.0,0.0,2.0,17.0,0.29480737,0.388728324,0.549413735,0.402196532,278.32,125.5478079,21.409375,0,0.938142059,4.4,0,1,0,0,0,0,0,0,0,0,1,0,0,1
197,31,1,75.0,213.0,177.0,27.0,49.0,8.0,0.0,4.0,24.0,1.0,2.0,22.0,61.0,0.0,4.0,6.0,4.0,2.0,0.276836158,0.362318841,0.389830509,0.327981221,69.86,28.10858411,0.498328,1,0.75214935,1.1,0,0,1,0,0,0,0,0,0,0,1,0,0,1
198,36,1,79.0,186.0,162.0,35.0,51.0,13.0,0.0,11.0,29.0,0.0,0.0,23.0,44.0,0.0,1.0,0.0,0.0,7.0,0.314814815,0.403225807,0.598765432,0.425698925,79.18,66.58974045,4.5,1,1.001991239,1.5,0,1,0,0,0,0,0,0,0,0,0,1,0,1
205,29,2,147.0,589.0,557.0,67.0,145.0,28.0,1.0,23.0,70.0,4.0,2.0,28.0,145.0,1.0,1.0,1.0,2.0,14.0,0.26032316,0.295918367,0.438061041,0.315348048,185.74,46.71492606,1.053745,1,0.7339794079999999,2.2,0,0,0,0,0,0,0,0,1,1,0,0,0,1
206,27,1,134.0,356.0,311.0,47.0,77.0,18.0,0.0,7.0,33.0,2.0,2.0,40.0,104.0,2.0,3.0,0.0,2.0,0.0,0.247588424,0.337078652,0.372990354,0.319719101,113.82,35.58536183,0.546308,0,0.710069006,0.6,0,0,0,0,0,0,1,0,0,0,1,0,1,0
207,26,1,18.0,46.0,42.0,5.0,6.0,1.0,0.0,2.0,5.0,0.0,0.0,4.0,21.0,1.0,0.0,0.0,0.0,1.0,0.142857143,0.217391304,0.30952381,0.233043478,10.72,3.038234338,0.143232,1,0.526915114,-0.1,0,0,0,0,1,0,0,0,0,0,0,1,0,1
208,28,1,125.0,530.0,489.0,61.0,138.0,25.0,2.0,20.0,72.0,10.0,4.0,31.0,125.0,2.0,7.0,0.0,3.0,15.0,0.282208589,0.332075472,0.464212679,0.344509434,182.59,60.24685404,4.5,0,0.7962881509999999,2.1,0,0,0,0,0,0,1,0,0,0,0,1,0,1
209,29,1,134.0,372.0,311.0,52.0,77.0,13.0,4.0,4.0,31.0,0.0,2.0,53.0,83.0,1.0,5.0,1.0,2.0,4.0,0.247588424,0.363881402,0.353697749,0.32922043,122.47,40.71787431,0.91,1,0.717579151,1.1,0,0,1,0,0,0,0,0,0,0,1,0,0,1
210,28,1,140.0,618.0,577.0,93.0,161.0,27.0,3.0,8.0,40.0,15.0,5.0,21.0,139.0,0.0,6.0,11.0,3.0,6.0,0.279029463,0.309719934,0.377816291,0.297864078,184.08,39.14212175,1.55,1,0.687536225,1.7,0,0,0,0,0,0,1,0,0,1,0,0,0,1
212,35,1,141.0,550.0,491.0,86.0,123.0,26.0,7.0,28.0,74.0,10.0,2.0,52.0,108.0,0.0,4.0,0.0,3.0,6.0,0.250509165,0.325454546,0.50305499,0.352727273,194.0,67.21960755,7.5,0,0.828509536,3.3,0,0,0,0,0,0,1,0,0,0,1,0,1,0
215,28,1,93.0,359.0,311.0,70.0,85.0,16.0,1.0,31.0,67.0,0.0,0.0,41.0,87.0,0.0,5.0,0.0,2.0,5.0,0.273311897,0.364902507,0.63022508,0.413426184,148.42,91.18740014,0.575,1,0.995127587,3.9,0,0,0,0,1,0,0,0,0,0,0,1,0,1
218,31,1,52.0,163.0,144.0,13.0,36.0,6.0,1.0,2.0,10.0,0.0,1.0,17.0,44.0,1.0,1.0,1.0,0.0,7.0,0.25,0.333333333,0.347222222,0.30791411,50.19,18.8221627,0.39315,1,0.680555555,0.0,0,0,0,1,0,0,0,0,0,0,1,0,0,1
219,31,1,161.0,680.0,597.0,97.0,155.0,25.0,1.0,34.0,97.0,3.0,1.0,78.0,166.0,2.0,2.0,0.0,3.0,11.0,0.259631491,0.345588235,0.475711893,0.355911765,242.02,79.55685016,15.5,0,0.8213001280000001,3.4,0,1,0,0,0,0,0,0,0,0,0,1,0,1
220,31,1,97.0,358.0,314.0,36.0,70.0,16.0,0.0,12.0,43.0,2.0,0.0,38.0,84.0,6.0,5.0,0.0,1.0,7.0,0.222929936,0.315642458,0.388535032,0.313268156,112.15,33.15935207,7.083333,1,0.70417749,0.8,0,0,0,0,1,0,0,0,0,0,0,1,0,1
223,27,1,53.0,156.0,142.0,15.0,36.0,4.0,1.0,1.0,6.0,4.0,1.0,9.0,37.0,3.0,1.0,3.0,1.0,5.0,0.253521127,0.300653595,0.316901409,0.273717949,42.7,11.92255719,0.577,1,0.617555004,-0.1,0,0,0,0,0,0,0,0,1,0,0,1,0,1
224,30,1,114.0,463.0,425.0,52.0,112.0,19.0,0.0,15.0,55.0,1.0,0.0,31.0,98.0,2.0,6.0,0.0,1.0,7.0,0.263529412,0.321814255,0.414117647,0.323606911,149.83,43.99692544,12.0,1,0.7359319019999999,1.7,0,0,0,0,0,0,1,0,0,1,0,0,0,1
226,28,1,136.0,458.0,413.0,65.0,108.0,29.0,3.0,17.0,47.0,7.0,3.0,38.0,129.0,2.0,3.0,1.0,3.0,3.0,0.261501211,0.326039387,0.469733656,0.341703057,156.5,53.262496,0.5835,0,0.7957730430000001,2.3,0,0,0,0,0,0,1,0,0,0,1,0,0,1
227,35,1,150.0,633.0,556.0,77.0,148.0,31.0,1.0,13.0,76.0,5.0,3.0,51.0,100.0,4.0,19.0,1.0,6.0,13.0,0.26618705,0.344936709,0.395683453,0.330205371,209.02,57.84400621,20.0,1,0.740620162,1.0,0,0,0,0,0,0,1,0,0,0,1,0,0,1
228,31,1,117.0,421.0,393.0,36.0,108.0,12.0,6.0,3.0,34.0,22.0,5.0,18.0,61.0,1.0,1.0,3.0,6.0,8.0,0.27480916,0.303827751,0.358778626,0.290023753,122.1,27.78334126,13.3,1,0.6626063769999999,0.5,0,0,1,0,0,0,0,0,0,0,1,0,0,1
230,30,1,44.0,68.0,65.0,5.0,17.0,3.0,0.0,0.0,7.0,0.0,0.0,3.0,16.0,0.0,0.0,0.0,0.0,1.0,0.261538462,0.294117647,0.307692308,0.271764706,18.48,6.827381413,0.250656,1,0.601809955,-0.2,0,0,0,0,0,0,1,0,0,0,0,1,0,1
231,35,1,144.0,612.0,564.0,85.0,168.0,40.0,2.0,31.0,104.0,5.0,3.0,37.0,65.0,2.0,5.0,0.0,6.0,12.0,0.29787234,0.343137255,0.540780142,0.374281046,229.06,89.3196003,10.4,1,0.883917397,3.9,0,1,0,0,0,0,0,0,0,0,0,1,0,1
232,38,1,138.0,363.0,317.0,44.0,58.0,17.0,1.0,12.0,34.0,0.0,3.0,41.0,98.0,1.0,3.0,0.0,2.0,3.0,0.1829653,0.280991736,0.356466877,0.283774105,103.01,23.34247156,1.75,0,0.637458613,-1.2,0,0,0,0,0,0,1,0,0,0,1,0,0,1
233,30,1,153.0,632.0,513.0,79.0,126.0,26.0,2.0,28.0,77.0,5.0,1.0,109.0,139.0,2.0,5.0,0.0,5.0,16.0,0.245614035,0.379746835,0.467836257,0.372136076,235.19,89.28924094,16.0,1,0.847583092,5.3,0,0,0,0,1,0,0,0,0,1,0,0,0,1
236,29,1,82.0,344.0,324.0,47.0,77.0,14.0,2.0,16.0,61.0,2.0,1.0,17.0,53.0,1.0,1.0,0.0,2.0,5.0,0.237654321,0.276162791,0.441358025,0.305726744,105.17,29.57990927,11.75,0,0.717520816,-0.4,0,0,0,0,0,0,0,0,1,0,1,0,0,1
237,26,1,58.0,224.0,208.0,18.0,42.0,5.0,1.0,5.0,19.0,0.0,0.0,13.0,70.0,0.0,1.0,1.0,1.0,5.0,0.201923077,0.251121076,0.307692308,0.247857143,55.52,10.47219485,0.528528,0,0.558813384,-0.9,0,0,0,0,1,0,0,0,0,0,0,1,0,1
238,27,1,151.0,628.0,586.0,75.0,136.0,29.0,5.0,31.0,80.0,2.0,1.0,35.0,163.0,0.0,5.0,0.0,2.0,20.0,0.232081911,0.280254777,0.457337884,0.313789809,197.06,47.80191271,8.0,0,0.737592661,1.0,0,0,0,0,0,0,1,0,0,0,0,1,0,1
240,29,1,138.0,482.0,420.0,57.0,101.0,21.0,3.0,6.0,38.0,9.0,4.0,59.0,86.0,2.0,1.0,0.0,2.0,7.0,0.240476191,0.334024896,0.347619048,0.31026971,149.55,38.73175613,2.0,0,0.681643944,0.8,0,0,0,0,0,0,1,0,0,1,0,0,1,0
242,23,1,,,,,,,,,,,,,,,,,,,,,,,,,0.554829,0,,-0.2,1,0,0,0,0,0,0,1,0,0,1,0,0,0
244,24,1,45.0,70.0,61.0,8.0,15.0,4.0,0.0,1.0,3.0,0.0,0.0,7.0,14.0,0.0,0.0,2.0,0.0,2.0,0.245901639,0.323529412,0.360655738,0.299285714,20.95,9.881013292,0.2989,1,0.68418515,0.2,1,0,1,0,0,0,0,0,0,0,1,0,0,1
247,24,1,87.0,295.0,256.0,34.0,56.0,20.0,0.0,10.0,36.0,1.0,2.0,32.0,87.0,1.0,3.0,0.0,4.0,7.0,0.21875,0.308474576,0.4140625,0.315220339,92.99,29.96592153,0.447052,0,0.7225370760000001,-0.9,1,1,0,0,0,0,0,0,0,0,1,0,1,0
248,30,2,62.0,101.0,92.0,6.0,16.0,1.0,0.0,2.0,9.0,2.0,0.0,9.0,24.0,0.0,0.0,0.0,0.0,3.0,0.173913044,0.247524753,0.25,0.230891089,23.32,4.859074196,2.623656,1,0.497524753,-0.2,0,0,0,1,0,0,0,0,0,0,0,1,0,1
251,28,2,119.0,353.0,316.0,41.0,69.0,14.0,2.0,0.0,15.0,22.0,6.0,32.0,87.0,1.0,0.0,3.0,2.0,1.0,0.21835443,0.288571429,0.275316456,0.258413598,91.22,16.3075784,0.750014,0,0.563887885,-0.3,0,0,0,0,0,0,1,0,0,1,0,0,0,1
252,24,1,105.0,327.0,299.0,40.0,74.0,9.0,4.0,8.0,27.0,15.0,3.0,24.0,88.0,1.0,0.0,2.0,2.0,2.0,0.247491639,0.301538462,0.384615385,0.299633028,97.98,26.6123208,0.44925,1,0.6861538469999999,0.1,1,0,1,0,0,0,0,0,0,0,0,1,0,1
256,26,1,157.0,682.0,573.0,98.0,149.0,36.0,1.0,35.0,114.0,15.0,3.0,99.0,178.0,11.0,6.0,0.0,4.0,10.0,0.260034904,0.372434018,0.509598604,0.380542522,259.53,101.6893247,11.538462,0,0.882032622,4.1,0,0,0,0,0,0,1,0,0,0,1,0,0,1
258,23,1,67.0,242.0,222.0,30.0,59.0,14.0,0.0,5.0,26.0,4.0,0.0,14.0,60.0,1.0,5.0,1.0,0.0,7.0,0.265765766,0.323651452,0.396396396,0.317933884,76.94,27.23538937,0.304368,0,0.720047848,0.6,1,0,0,0,0,0,1,0,0,0,1,0,1,0
262,26,1,102.0,347.0,312.0,28.0,55.0,9.0,0.0,11.0,36.0,1.0,0.0,27.0,109.0,3.0,5.0,2.0,1.0,3.0,0.176282051,0.252173913,0.310897436,0.251585014,87.3,14.63151062,2.06,1,0.5630713490000001,1.5,0,0,0,0,1,0,0,0,0,0,0,1,0,1
265,28,1,89.0,231.0,204.0,31.0,46.0,13.0,0.0,5.0,20.0,2.0,2.0,18.0,60.0,0.0,6.0,2.0,1.0,4.0,0.225490196,0.305676856,0.362745098,0.296666667,68.53,20.54734288,0.723088,0,0.668421954,0.4,0,0,0,0,0,0,1,0,0,0,0,1,1,0
266,24,1,18.0,46.0,36.0,7.0,5.0,1.0,1.0,0.0,3.0,2.0,0.0,5.0,19.0,0.0,4.0,0.0,1.0,1.0,0.138888889,0.304347826,0.222222222,0.263043478,12.1,4.721184766,0.293216,0,0.526570048,0.2,1,0,0,0,0,0,1,0,0,0,0,1,0,1
267,29,1,161.0,667.0,612.0,77.0,171.0,31.0,3.0,14.0,71.0,9.0,2.0,45.0,100.0,4.0,6.0,0.0,4.0,9.0,0.279411765,0.332833583,0.408496732,0.326866567,218.02,57.64145076,7.75,0,0.7413303149999999,1.5,0,0,1,0,0,0,0,0,0,1,0,0,0,1
268,27,1,130.0,460.0,414.0,57.0,98.0,19.0,1.0,17.0,64.0,4.0,0.0,36.0,97.0,3.0,6.0,0.0,4.0,9.0,0.236714976,0.304347826,0.410628019,0.312152174,143.59,38.42769373,3.725,1,0.714975845,0.7,0,0,1,0,0,0,0,0,0,0,0,1,0,1
270,26,1,61.0,155.0,148.0,18.0,37.0,7.0,0.0,2.0,11.0,1.0,2.0,3.0,42.0,0.0,3.0,1.0,0.0,1.0,0.25,0.279220779,0.337837838,0.272193548,42.19,11.63464997,0.4868,1,0.617058617,-0.8,0,0,1,0,0,0,0,0,0,1,0,0,0,1
271,26,1,125.0,464.0,417.0,58.0,96.0,19.0,2.0,26.0,65.0,6.0,3.0,45.0,153.0,1.0,1.0,0.0,1.0,8.0,0.230215827,0.306034483,0.472422062,0.33325431,154.63,49.0299075,0.516426,0,0.778456545,1.3,0,0,0,0,0,0,1,0,0,0,0,1,0,1
275,29,1,147.0,589.0,513.0,78.0,129.0,20.0,4.0,21.0,62.0,8.0,3.0,68.0,110.0,5.0,5.0,0.0,3.0,12.0,0.251461988,0.34295416,0.428849903,0.340067912,200.3,61.48349053,22.5,0,0.771804063,2.2,0,0,0,0,0,0,1,0,0,0,1,0,1,0
282,31,1,43.0,129.0,115.0,12.0,32.0,6.0,0.0,4.0,12.0,0.0,1.0,11.0,21.0,2.0,1.0,1.0,1.0,5.0,0.27826087,0.34375,0.434782609,0.338837209,43.71,22.95782541,0.86688,1,0.778532609,-0.3,0,0,0,0,1,0,0,0,0,0,0,1,0,1
283,31,1,87.0,295.0,259.0,38.0,77.0,14.0,2.0,3.0,31.0,1.0,0.0,28.0,57.0,1.0,4.0,0.0,4.0,4.0,0.297297297,0.369491525,0.401544402,0.344711864,101.69,41.49660019,3.575,1,0.771035927,1.2,0,0,1,0,0,0,0,0,0,0,1,0,0,1
284,26,1,160.0,703.0,570.0,86.0,129.0,33.0,5.0,29.0,85.0,2.0,2.0,116.0,173.0,6.0,11.0,0.0,6.0,10.0,0.22631579,0.364153627,0.454385965,0.359658606,252.84,84.42642785,0.575,0,0.818539592,2.0,0,1,0,0,0,0,0,0,0,0,0,1,0,1
285,29,1,160.0,667.0,619.0,72.0,164.0,29.0,2.0,22.0,99.0,0.0,3.0,40.0,163.0,3.0,3.0,0.0,5.0,12.0,0.264943457,0.310344828,0.424878837,0.319235382,212.93,52.89204896,21.0,0,0.735223665,-0.9,0,1,0,0,0,0,0,0,0,0,1,0,1,0
289,29,1,146.0,530.0,504.0,62.0,145.0,21.0,3.0,11.0,59.0,6.0,6.0,20.0,70.0,3.0,3.0,1.0,2.0,17.0,0.287698413,0.31758034,0.406746032,0.316641509,167.82,44.31892977,2.5,0,0.7243263719999999,1.9,0,0,0,0,0,0,0,0,1,0,0,1,0,1
293,28,1,25.0,24.0,22.0,4.0,4.0,0.0,0.0,0.0,0.0,2.0,2.0,2.0,4.0,0.0,0.0,0.0,0.0,0.0,0.181818182,0.25,0.181818182,0.21,5.04,1.37151061,1.165,0,0.431818182,-0.2,0,0,0,0,0,0,1,0,0,0,1,0,0,1
294,24,1,107.0,384.0,347.0,41.0,72.0,12.0,1.0,13.0,43.0,0.0,1.0,31.0,79.0,1.0,4.0,1.0,1.0,8.0,0.207492795,0.279373368,0.360230548,0.282578125,108.51,23.82879111,0.5587,0,0.639603916,1.4,1,0,0,0,1,0,0,0,0,0,0,1,0,1
296,23,1,122.0,504.0,468.0,69.0,125.0,18.0,2.0,31.0,79.0,0.0,0.0,30.0,134.0,0.0,4.0,0.0,2.0,11.0,0.267094017,0.315476191,0.512820513,0.351369048,177.09,62.67876532,1.833333,0,0.828296704,1.4,1,0,0,0,0,0,1,0,0,0,0,1,0,1
298,33,1,137.0,527.0,485.0,66.0,126.0,25.0,1.0,16.0,67.0,2.0,1.0,31.0,101.0,2.0,8.0,0.0,3.0,15.0,0.259793814,0.313092979,0.41443299,0.318178368,167.68,44.94337726,4.5,0,0.727525969,-0.7,0,0,0,0,0,0,1,0,0,0,0,1,0,1
300,33,1,20.0,41.0,38.0,5.0,8.0,2.0,0.0,0.0,3.0,0.0,0.0,1.0,10.0,0.0,1.0,1.0,0.0,0.0,0.210526316,0.25,0.263157895,0.228048781,9.35,2.608485564,0.47312,1,0.513157895,0.0,0,0,0,0,1,0,0,0,0,0,0,1,0,1
303,27,1,102.0,446.0,378.0,75.0,103.0,18.0,1.0,27.0,55.0,3.0,2.0,64.0,141.0,4.0,3.0,0.0,1.0,11.0,0.272486773,0.381165919,0.53968254,0.394977579,176.16,88.73271007,0.6843,0,0.9208484590000001,4.5,0,0,0,0,0,0,1,0,0,0,0,1,0,1
305,24,1,111.0,365.0,314.0,46.0,77.0,19.0,0.0,18.0,47.0,0.0,0.0,48.0,79.0,10.0,2.0,0.0,1.0,11.0,0.24522293,0.347945206,0.477707006,0.358136986,130.72,54.65025257,0.56,1,0.825652212,1.8,1,0,0,0,1,0,0,0,0,0,0,1,0,1
308,35,1,121.0,370.0,334.0,61.0,115.0,23.0,1.0,17.0,62.0,2.0,1.0,27.0,49.0,1.0,4.0,0.0,5.0,11.0,0.344311377,0.394594595,0.571856287,0.411540541,152.27,91.43170063,4.0,1,0.966450882,2.7,0,1,0,0,0,0,0,0,0,0,0,1,0,1
309,26,1,134.0,596.0,524.0,98.0,132.0,32.0,0.0,36.0,90.0,1.0,5.0,60.0,99.0,0.0,8.0,0.0,4.0,5.0,0.251908397,0.33557047,0.51908397,0.363557047,216.68,79.00007342,6.0,0,0.85465444,3.8,0,0,0,0,0,0,1,0,0,0,1,0,1,0
311,29,1,129.0,480.0,447.0,60.0,102.0,20.0,7.0,14.0,55.0,19.0,5.0,26.0,104.0,2.0,5.0,1.0,1.0,8.0,0.22818792,0.277661795,0.398210291,0.292479167,140.39,31.15772254,8.166666,0,0.675872086,2.5,0,0,0,0,0,0,1,0,0,0,1,0,0,1
313,25,1,126.0,500.0,458.0,64.0,118.0,34.0,4.0,19.0,55.0,15.0,4.0,34.0,147.0,1.0,5.0,1.0,2.0,3.0,0.257641921,0.314629259,0.473799127,0.33716,168.58,53.6598867,1.5,1,0.788428386,2.2,1,0,0,0,0,0,1,0,0,0,0,1,0,1
315,32,1,121.0,511.0,458.0,52.0,112.0,23.0,1.0,17.0,65.0,7.0,2.0,40.0,88.0,2.0,2.0,5.0,6.0,7.0,0.244541485,0.304347826,0.410480349,0.308082192,157.43,39.18515123,14.666668,0,0.7148281750000001,0.3,0,0,1,0,0,0,0,0,0,0,1,0,0,1
316,27,1,74.0,160.0,136.0,12.0,29.0,9.0,0.0,2.0,8.0,0.0,0.0,18.0,51.0,2.0,3.0,3.0,0.0,2.0,0.213235294,0.318471338,0.323529412,0.2904375,46.47,15.03606949,0.565,1,0.64200075,0.2,0,0,0,0,1,0,0,0,0,1,0,0,0,1
320,30,1,133.0,285.0,258.0,38.0,55.0,12.0,1.0,5.0,27.0,4.0,1.0,22.0,75.0,4.0,2.0,2.0,1.0,8.0,0.213178295,0.279151944,0.325581395,0.269578947,76.83,16.587594,9.0,0,0.604733339,-0.3,0,0,0,0,0,0,1,0,0,0,0,1,0,1
322,28,1,78.0,226.0,187.0,26.0,36.0,8.0,2.0,6.0,30.0,1.0,0.0,32.0,55.0,1.0,5.0,0.0,2.0,4.0,0.192513369,0.32300885,0.352941177,0.307654867,69.53,23.12955843,4.825,1,0.6759500270000001,0.1,0,0,0,1,0,0,0,0,0,0,1,0,0,1
324,24,1,123.0,481.0,434.0,79.0,125.0,29.0,0.0,24.0,67.0,13.0,2.0,27.0,123.0,0.0,11.0,1.0,8.0,7.0,0.288018433,0.339583333,0.520737327,0.364345114,175.25,69.41698261,0.5575,0,0.86032066,3.9,1,0,0,0,0,0,1,0,0,0,0,1,0,1
327,30,1,65.0,191.0,172.0,14.0,33.0,3.0,0.0,5.0,19.0,0.0,0.0,13.0,47.0,0.0,1.0,4.0,1.0,0.0,0.191860465,0.251336898,0.296511628,0.241256545,46.08,8.571780368,2.222102,1,0.547848526,-0.2,0,0,0,0,1,0,0,0,0,1,0,0,0,1
330,25,1,143.0,654.0,598.0,101.0,170.0,40.0,2.0,32.0,74.0,22.0,5.0,46.0,98.0,9.0,3.0,1.0,6.0,13.0,0.284280937,0.335375191,0.518394649,0.362217125,236.89,82.71848828,10.55,0,0.85376984,5.9,1,0,0,0,0,1,0,0,0,1,0,0,0,1
332,26,1,91.0,250.0,212.0,38.0,53.0,12.0,2.0,1.0,17.0,17.0,0.0,14.0,44.0,0.0,22.0,1.0,1.0,1.0,0.25,0.357429719,0.339622642,0.32292,80.73,29.42882654,0.375984,0,0.6970523609999999,1.0,0,0,0,0,0,0,1,0,0,0,0,1,0,1
333,33,1,129.0,508.0,453.0,59.0,115.0,19.0,2.0,20.0,69.0,3.0,1.0,43.0,112.0,1.0,7.0,0.0,5.0,14.0,0.253863135,0.32480315,0.437086093,0.331673228,168.49,51.06512996,12.5,0,0.7618892429999999,2.1,0,0,0,1,0,0,0,0,0,0,0,1,0,1
337,24,1,82.0,327.0,296.0,42.0,80.0,17.0,2.0,17.0,51.0,5.0,0.0,25.0,113.0,0.0,5.0,0.0,1.0,1.0,0.27027027,0.336391437,0.513513514,0.362996942,118.7,53.49868451,1.0,1,0.8499049510000001,2.3,1,0,1,0,0,0,0,0,0,0,1,0,0,1
339,35,1,9.0,8.0,7.0,0.0,0.0,0.0,0.0,0.0,0.0,0.0,0.0,1.0,4.0,0.0,0.0,0.0,0.0,0.0,0.0,0.125,0.0,0.09,0.72,0.031074637,8.5,0,0.125,-0.1,0,0,0,0,0,1,0,0,0,1,0,0,0,1
341,24,1,77.0,288.0,273.0,28.0,67.0,11.0,4.0,6.0,26.0,0.0,0.0,8.0,59.0,1.0,3.0,0.0,4.0,8.0,0.245421245,0.270833333,0.380952381,0.281215278,80.99,19.47594651,0.28348,0,0.6517857140000001,-0.3,1,0,0,1,0,0,0,0,0,0,0,1,0,1
342,25,1,85.0,261.0,225.0,42.0,62.0,15.0,1.0,15.0,38.0,3.0,2.0,33.0,61.0,0.0,2.0,0.0,1.0,7.0,0.275555556,0.37164751,0.551111111,0.392988506,102.57,61.82702025,0.518985,0,0.9227586210000001,2.6,1,0,0,0,0,0,1,0,0,0,0,1,0,1
344,26,1,156.0,661.0,587.0,81.0,150.0,21.0,2.0,32.0,85.0,5.0,3.0,65.0,128.0,3.0,6.0,0.0,3.0,24.0,0.255536627,0.334341906,0.461669506,0.345476551,228.36,70.10650077,12.0,0,0.796011412,2.2,0,0,0,1,0,0,0,0,0,0,0,1,0,1
346,28,1,44.0,129.0,119.0,9.0,18.0,2.0,1.0,2.0,9.0,1.0,0.0,8.0,33.0,0.0,0.0,2.0,0.0,1.0,0.151260504,0.204724409,0.235294118,0.196899225,25.4,3.182814601,0.579,1,0.440018527,-0.3,0,0,0,0,1,0,0,0,0,0,0,1,0,1
347,32,3,105.0,374.0,333.0,46.0,71.0,19.0,0.0,12.0,27.0,0.0,0.0,32.0,86.0,1.0,6.0,2.0,1.0,11.0,0.213213213,0.293010753,0.378378378,0.295454546,110.5,27.55558463,0.806452,1,0.671389131,0.7,0,0,0,0,1,0,0,0,0,0,0,1,0,1
348,27,1,154.0,679.0,602.0,106.0,175.0,38.0,2.0,35.0,97.0,1.0,0.0,63.0,143.0,3.0,9.0,0.0,5.0,22.0,0.290697674,0.36377025,0.534883721,0.383799705,260.6,104.5979755,0.5755,1,0.8986539710000001,3.4,0,0,0,0,0,0,1,0,0,0,0,1,0,1
349,24,1,151.0,441.0,398.0,59.0,93.0,19.0,3.0,12.0,37.0,20.0,4.0,38.0,88.0,1.0,2.0,3.0,0.0,6.0,0.233668342,0.303652968,0.386934673,0.302947846,133.6,33.5432766,0.5771,0,0.690587641,1.5,1,0,0,0,0,0,1,0,0,0,0,1,0,1
350,28,1,120.0,318.0,292.0,46.0,68.0,16.0,3.0,10.0,34.0,10.0,3.0,17.0,95.0,0.0,6.0,3.0,0.0,6.0,0.232876712,0.288888889,0.410958904,0.301446541,95.86,26.72173237,2.2125,0,0.699847793,1.0,0,0,0,0,0,0,1,0,0,0,0,1,0,1
351,35,1,116.0,469.0,414.0,61.0,118.0,25.0,2.0,9.0,62.0,2.0,0.0,47.0,59.0,1.0,2.0,0.0,6.0,11.0,0.285024155,0.356076759,0.420289855,0.342878465,160.81,54.75789253,3.720463,0,0.7763666140000001,0.6,0,0,0,0,0,0,1,0,0,0,1,0,1,0
353,25,1,144.0,628.0,569.0,97.0,187.0,36.0,9.0,32.0,92.0,10.0,2.0,53.0,86.0,2.0,4.0,0.0,2.0,7.0,0.328646749,0.388535032,0.592267135,0.415987261,261.24,133.3924442,2.0,1,0.980802167,6.2,1,0,0,0,0,0,1,0,0,1,0,0,0,1
354,30,1,132.0,586.0,539.0,97.0,159.0,31.0,6.0,23.0,82.0,25.0,6.0,25.0,94.0,1.0,16.0,2.0,4.0,15.0,0.294990724,0.342465753,0.502782931,0.361348123,211.75,76.43462536,10.333334,0,0.845248684,3.6,0,0,0,0,0,0,1,0,0,0,0,1,0,1
357,30,1,128.0,373.0,334.0,45.0,90.0,13.0,2.0,10.0,42.0,3.0,0.0,35.0,82.0,0.0,2.0,0.0,2.0,14.0,0.269461078,0.340482574,0.410179641,0.33227882,123.94,42.18412827,1.125,0,0.750662215,-0.1,0,0,0,0,0,0,1,0,0,0,0,1,0,1
360,25,1,120.0,309.0,283.0,29.0,59.0,8.0,3.0,6.0,23.0,10.0,1.0,14.0,83.0,0.0,6.0,5.0,1.0,6.0,0.208480565,0.259868421,0.32155477,0.254627832,78.68,14.19242293,0.555,0,0.5814231910000001,-0.7,1,0,0,0,0,0,0,0,1,0,0,1,0,1
361,36,1,83.0,249.0,209.0,29.0,46.0,5.0,0.0,6.0,20.0,1.0,0.0,30.0,60.0,3.0,8.0,0.0,2.0,1.0,0.220095694,0.337349398,0.330143541,0.309236948,77.0,25.07344119,3.6,1,0.667492939,1.2,0,0,0,0,1,0,0,0,0,0,0,1,0,1
362,36,1,86.0,244.0,228.0,17.0,36.0,9.0,0.0,2.0,12.0,1.0,0.0,15.0,87.0,1.0,0.0,0.0,1.0,2.0,0.157894737,0.209016393,0.223684211,0.198196721,48.36,4.901695951,3.25,1,0.432700604,-2.1,0,0,0,0,1,0,0,0,0,0,0,1,0,1
363,32,1,82.0,269.0,239.0,48.0,68.0,17.0,0.0,11.0,32.0,9.0,6.0,30.0,72.0,0.0,0.0,0.0,0.0,5.0,0.284518829,0.364312268,0.493723849,0.372230483,100.13,51.73478529,0.471472,0,0.8580361169999999,1.7,0,0,0,0,0,0,1,0,0,0,0,1,0,1
365,24,1,116.0,469.0,429.0,69.0,115.0,27.0,1.0,19.0,66.0,4.0,1.0,28.0,108.0,2.0,6.0,0.0,6.0,5.0,0.268065268,0.317697228,0.468531469,0.336780384,157.95,51.29542945,3.3,0,0.786228697,0.5,1,0,0,0,0,0,1,0,0,0,1,0,1,0
367,35,1,85.0,316.0,277.0,28.0,69.0,9.0,0.0,12.0,45.0,0.0,0.0,31.0,53.0,1.0,2.0,0.0,6.0,10.0,0.249097473,0.32278481,0.411552347,0.321455696,101.58,33.62841321,1.311805,0,0.7343371569999999,1.1,0,0,0,0,1,0,0,0,0,0,1,0,0,1
368,29,1,118.0,476.0,439.0,62.0,120.0,26.0,1.0,18.0,60.0,4.0,1.0,30.0,137.0,1.0,6.0,1.0,0.0,10.0,0.273348519,0.328421053,0.460136674,0.341386555,162.5,54.40904908,2.5,0,0.788557727,2.2,0,0,0,0,1,0,0,0,0,0,0,1,0,1
370,24,1,30.0,104.0,97.0,14.0,29.0,7.0,0.0,5.0,11.0,0.0,0.0,7.0,18.0,0.0,0.0,0.0,0.0,1.0,0.298969072,0.346153846,0.525773196,0.372788462,38.77,28.31460073,0.19396,0,0.871927042,1.2,1,0,0,0,1,0,0,0,0,0,1,0,0,1
371,24,1,84.0,276.0,251.0,37.0,54.0,14.0,1.0,12.0,28.0,0.0,2.0,19.0,73.0,0.0,2.0,2.0,2.0,0.0,0.215139442,0.273722628,0.422310757,0.296376812,81.8,22.94460171,0.403072,1,0.696033385,-0.4,1,0,0,0,0,0,1,0,0,0,1,0,1,0
372,24,1,141.0,539.0,480.0,70.0,120.0,22.0,1.0,24.0,83.0,5.0,1.0,56.0,160.0,1.0,1.0,1.0,1.0,14.0,0.25,0.328996283,0.45,0.338423006,182.41,57.07376338,0.56,1,0.778996283,0.8,1,0,1,0,0,0,0,0,0,0,1,0,0,1
374,24,1,138.0,591.0,530.0,83.0,154.0,29.0,7.0,33.0,89.0,12.0,7.0,54.0,131.0,6.0,7.0,0.0,0.0,3.0,0.290566038,0.363790186,0.558490566,0.392318105,231.86,103.6681452,0.5574,0,0.922280752,4.4,1,0,0,0,0,0,1,0,0,0,1,0,1,0
376,23,1,79.0,244.0,226.0,27.0,60.0,11.0,2.0,8.0,22.0,1.0,1.0,13.0,56.0,1.0,4.0,0.0,1.0,6.0,0.265486726,0.315573771,0.438053097,0.327131148,79.82,30.37406643,0.50847,1,0.753626868,0.6,1,0,0,0,1,0,0,0,0,1,0,0,0,1
379,25,1,115.0,482.0,438.0,70.0,118.0,25.0,3.0,15.0,54.0,15.0,4.0,28.0,84.0,0.0,5.0,7.0,4.0,9.0,0.269406393,0.317894737,0.442922374,0.324356847,156.34,45.52603429,0.41776,0,0.7608171109999999,2.2,1,0,0,0,0,0,1,0,0,0,0,1,0,1
380,32,1,74.0,271.0,256.0,24.0,69.0,16.0,0.0,9.0,22.0,0.0,0.0,13.0,57.0,1.0,2.0,0.0,0.0,4.0,0.26953125,0.3099631,0.4375,0.324169742,87.85,31.42663628,5.25,1,0.7474631,1.0,0,0,0,0,0,0,0,0,1,0,0,1,0,1
381,30,1,162.0,735.0,681.0,105.0,206.0,41.0,10.0,16.0,74.0,20.0,10.0,45.0,126.0,5.0,5.0,0.0,4.0,8.0,0.302496329,0.34829932,0.462555066,0.352231293,258.89,80.51250326,1.0,1,0.810854386,3.1,0,0,1,0,0,0,0,0,0,0,0,1,0,1
382,29,2,79.0,170.0,154.0,26.0,40.0,6.0,1.0,13.0,25.0,2.0,0.0,15.0,45.0,0.0,1.0,0.0,0.0,2.0,0.25974026,0.329411765,0.564935065,0.375882353,63.9,39.96336998,0.322272,1,0.89434683,1.2,0,0,0,1,0,0,0,0,0,0,1,0,0,1
384,36,1,113.0,452.0,419.0,45.0,113.0,24.0,0.0,10.0,57.0,6.0,0.0,23.0,58.0,0.0,5.0,0.0,5.0,14.0,0.269689738,0.311946903,0.398568019,0.311216814,140.67,37.58580481,20.0,1,0.710514922,1.2,0,0,0,0,1,0,0,0,0,0,0,1,0,1
385,24,1,132.0,559.0,511.0,83.0,161.0,34.0,5.0,25.0,79.0,10.0,3.0,40.0,154.0,2.0,4.0,1.0,3.0,1.0,0.315068493,0.367383513,0.547945206,0.389642218,217.81,97.5783718,0.575,0,0.9153287189999999,5.5,1,0,0,1,0,0,0,0,0,1,0,0,0,1
387,27,1,113.0,282.0,247.0,31.0,51.0,14.0,2.0,9.0,28.0,11.0,9.0,25.0,93.0,0.0,9.0,1.0,0.0,6.0,0.206477733,0.302491103,0.388663968,0.305602837,86.18,26.00866387,0.552916,1,0.6911550710000001,0.7,0,0,0,0,0,0,1,0,0,0,0,1,0,1
389,26,1,149.0,503.0,466.0,46.0,129.0,30.0,1.0,13.0,80.0,0.0,1.0,30.0,117.0,4.0,3.0,0.0,4.0,13.0,0.276824034,0.322067594,0.429184549,0.326958251,164.46,48.16607191,0.5795,1,0.7512521430000001,0.3,0,0,0,1,0,0,0,0,0,0,1,0,0,1
390,33,1,91.0,335.0,298.0,48.0,75.0,17.0,1.0,19.0,58.0,1.0,0.0,34.0,74.0,0.0,1.0,0.0,2.0,12.0,0.251677852,0.328358209,0.506711409,0.35558209,119.12,50.40058479,6.5,0,0.835069618,0.8,0,1,0,0,0,0,0,0,0,0,1,0,1,0
392,31,1,29.0,38.0,35.0,5.0,7.0,1.0,0.0,2.0,3.0,0.0,0.0,3.0,10.0,0.0,0.0,0.0,0.0,1.0,0.2,0.263157895,0.4,0.286842105,10.9,5.72621179,0.252672,0,0.663157895,-0.1,0,1,0,0,0,0,0,0,0,0,1,0,1,0
393,30,1,143.0,584.0,523.0,80.0,133.0,30.0,1.0,35.0,87.0,3.0,0.0,53.0,98.0,5.0,6.0,0.0,2.0,12.0,0.254302103,0.328767123,0.51625239,0.359537671,209.97,74.88581943,7.05,1,0.845019513,2.8,0,0,0,1,0,0,0,0,0,0,1,0,0,1
395,28,1,141.0,589.0,487.0,101.0,122.0,22.0,1.0,35.0,98.0,4.0,1.0,90.0,149.0,1.0,8.0,0.0,4.0,5.0,0.250513347,0.373514431,0.515400411,0.382835314,225.49,94.62876737,0.575,1,0.8889148419999999,4.8,0,0,1,0,0,0,0,0,0,0,1,0,0,1
396,24,1,88.0,181.0,172.0,20.0,46.0,7.0,1.0,2.0,13.0,8.0,3.0,7.0,37.0,0.0,1.0,0.0,1.0,5.0,0.267441861,0.298342541,0.354651163,0.289116022,52.33,16.00304749,0.540938,1,0.652993704,-0.2,1,0,0,0,0,0,1,0,0,0,0,1,0,1
397,34,1,132.0,476.0,438.0,56.0,122.0,35.0,1.0,13.0,78.0,1.0,1.0,32.0,74.0,1.0,2.0,0.0,4.0,10.0,0.278538813,0.327731092,0.452054795,0.337289916,160.55,52.06986049,10.0,1,0.7797858870000001,-0.5,0,1,0,0,0,0,0,0,0,0,1,0,0,1
400,28,1,75.0,281.0,260.0,32.0,71.0,12.0,1.0,18.0,40.0,2.0,0.0,19.0,87.0,0.0,1.0,0.0,1.0,0.0,0.273076923,0.323843416,0.534615385,0.362882562,101.97,48.49605267,0.554445,1,0.858458801,3.3,0,0,0,0,1,0,0,0,0,0,0,1,0,1
401,28,1,155.0,490.0,435.0,58.0,104.0,22.0,1.0,18.0,53.0,16.0,7.0,51.0,168.0,0.0,2.0,1.0,1.0,12.0,0.23908046,0.321063395,0.418390805,0.324204082,158.86,45.9293708,5.5,1,0.7394542,0.7,0,0,0,0,0,0,1,0,0,0,0,1,0,1
403,27,1,132.0,482.0,428.0,63.0,119.0,12.0,0.0,22.0,55.0,0.0,0.0,47.0,92.0,1.0,4.0,0.0,3.0,5.0,0.278037383,0.352697095,0.460280374,0.355020747,171.12,63.24984098,0.5812,1,0.812977469,1.9,0,0,0,0,1,0,0,0,0,0,1,0,0,1
404,22,1,94.0,279.0,253.0,29.0,63.0,15.0,0.0,8.0,32.0,1.0,1.0,25.0,64.0,1.0,0.0,0.0,1.0,4.0,0.249011858,0.315412186,0.403162055,0.316129032,88.2,29.21990396,0.352112,0,0.718574241,-0.3,1,0,0,0,0,0,1,0,0,0,1,0,1,0
407,25,1,130.0,531.0,493.0,61.0,152.0,20.0,6.0,12.0,64.0,16.0,8.0,28.0,62.0,2.0,7.0,2.0,1.0,5.0,0.30831643,0.353497165,0.446247465,0.349472693,185.57,63.54340098,0.5575,1,0.79974463,2.1,1,0,0,0,0,0,0,0,1,0,0,1,0,1
408,25,1,50.0,144.0,136.0,9.0,26.0,5.0,0.0,4.0,14.0,0.0,0.0,7.0,37.0,2.0,0.0,1.0,0.0,4.0,0.191176471,0.230769231,0.316176471,0.238472222,34.34,6.858218643,0.496506,0,0.546945702,-0.5,1,0,0,0,1,0,0,0,0,0,0,1,0,1
409,26,1,69.0,254.0,199.0,34.0,44.0,11.0,1.0,8.0,29.0,3.0,0.0,46.0,71.0,2.0,5.0,1.0,3.0,1.0,0.221105528,0.375494071,0.407035176,0.351456693,89.27,40.46250265,0.598285,0,0.782529247,1.4,0,0,0,0,0,0,1,0,0,0,1,0,0,1
410,30,1,79.0,267.0,238.0,37.0,64.0,12.0,1.0,10.0,31.0,1.0,0.0,23.0,63.0,1.0,4.0,1.0,1.0,8.0,0.268907563,0.342105263,0.453781513,0.346067416,92.4,39.49098219,0.316304,1,0.795886776,1.2,0,1,0,0,0,0,0,0,0,0,0,1,0,1
415,25,1,151.0,599.0,541.0,72.0,132.0,24.0,0.0,31.0,90.0,1.0,1.0,44.0,143.0,1.0,10.0,0.0,4.0,9.0,0.243992606,0.310517529,0.46025878,0.331702838,198.69,56.76308,0.562,1,0.7707763089999999,0.2,1,1,0,0,0,0,0,0,0,0,0,1,0,1
417,25,1,145.0,581.0,522.0,77.0,107.0,30.0,1.0,30.0,93.0,11.0,9.0,52.0,178.0,2.0,5.0,1.0,1.0,4.0,0.204980843,0.282758621,0.438697318,0.309552496,179.85,43.28439548,7.833333,0,0.7214559389999999,1.0,1,0,1,0,0,0,0,0,0,0,1,0,0,1
420,24,1,106.0,423.0,384.0,51.0,110.0,20.0,5.0,18.0,62.0,12.0,3.0,33.0,110.0,1.0,2.0,0.0,4.0,6.0,0.286458333,0.342789598,0.505208333,0.362316785,153.26,62.65064569,0.65,0,0.847997931,1.7,1,0,0,0,0,1,0,0,0,0,1,0,0,1
421,25,1,127.0,547.0,483.0,73.0,129.0,26.0,0.0,36.0,91.0,0.0,0.0,51.0,138.0,7.0,12.0,0.0,1.0,11.0,0.267080745,0.351005485,0.544513458,0.381096892,208.46,88.77006029,0.575,0,0.8955189429999999,4.1,1,1,0,0,0,0,0,0,0,0,1,0,0,1
424,26,1,95.0,284.0,261.0,41.0,69.0,20.0,0.0,10.0,36.0,0.0,0.0,18.0,48.0,0.0,1.0,0.0,4.0,6.0,0.264367816,0.309859155,0.455938697,0.327852113,93.11,33.74250749,0.502529,1,0.765797852,-0.4,0,1,0,0,0,0,0,0,0,0,0,1,0,1
430,32,2,119.0,301.0,274.0,38.0,64.0,14.0,1.0,9.0,48.0,8.0,3.0,19.0,59.0,3.0,5.0,1.0,2.0,7.0,0.233576642,0.293333333,0.390510949,0.298671096,89.9,24.94431231,0.429696,1,0.6838442819999999,-0.2,0,0,0,0,0,0,1,0,0,0,1,0,1,0
432,27,1,149.0,514.0,450.0,83.0,112.0,16.0,3.0,36.0,74.0,1.0,1.0,50.0,111.0,2.0,12.0,0.0,2.0,4.0,0.248888889,0.338521401,0.537777778,0.371634241,191.02,77.84368157,5.0,1,0.8762991790000001,2.9,0,0,0,0,0,0,1,0,0,0,1,0,1,0
436,25,1,141.0,403.0,376.0,37.0,90.0,18.0,2.0,6.0,33.0,7.0,6.0,17.0,58.0,0.0,8.0,0.0,2.0,9.0,0.239361702,0.285359802,0.345744681,0.280347395,112.98,23.87791061,2.775,1,0.631104483,-0.3,1,0,1,0,0,0,0,0,0,0,0,1,0,1
437,28,1,91.0,246.0,232.0,29.0,53.0,11.0,0.0,8.0,18.0,5.0,1.0,11.0,66.0,0.0,0.0,2.0,1.0,9.0,0.228448276,0.262295082,0.379310345,0.275447155,67.76,16.3276465,2.5,1,0.641605427,-0.6,0,0,1,0,0,0,0,0,0,0,0,1,0,1
439,30,1,119.0,449.0,389.0,46.0,93.0,9.0,1.0,24.0,63.0,0.0,0.0,45.0,127.0,1.0,4.0,7.0,4.0,12.0,0.23907455,0.321266968,0.452442159,0.329665924,148.02,46.15438588,2.625,0,0.773709127,3.2,0,0,0,0,1,0,0,0,0,0,0,1,0,1
443,31,1,106.0,342.0,314.0,44.0,75.0,18.0,0.0,12.0,62.0,0.0,1.0,15.0,63.0,0.0,6.0,2.0,5.0,11.0,0.238853503,0.282352941,0.410828026,0.296842105,101.52,26.47008178,1.075,0,0.693180967,0.3,0,0,0,0,1,0,0,0,0,0,0,1,0,1
445,30,2,161.0,645.0,611.0,83.0,158.0,37.0,3.0,21.0,88.0,14.0,5.0,18.0,89.0,4.0,9.0,0.0,7.0,15.0,0.258592471,0.286821705,0.43207856,0.307782946,198.52,45.32252847,5.644085,0,0.718900265,0.4,0,0,0,0,0,0,1,0,0,0,0,1,0,1
446,32,1,76.0,179.0,158.0,10.0,36.0,8.0,0.0,7.0,25.0,0.0,0.0,16.0,50.0,1.0,4.0,0.0,1.0,1.0,0.227848101,0.312849162,0.411392405,0.318379888,56.99,22.57011452,1.6,1,0.724241567,1.1,0,0,0,0,1,0,0,0,0,0,0,1,0,1
447,27,1,124.0,370.0,341.0,45.0,82.0,21.0,0.0,13.0,47.0,0.0,1.0,20.0,88.0,0.0,5.0,1.0,3.0,11.0,0.240469208,0.2899729,0.416422287,0.304702703,112.74,30.61572885,0.565,1,0.706395187,0.2,0,0,0,0,0,0,1,0,0,0,0,1,0,1
449,28,1,93.0,393.0,357.0,46.0,89.0,17.0,1.0,13.0,44.0,2.0,0.0,29.0,84.0,0.0,3.0,1.0,3.0,13.0,0.24929972,0.308673469,0.411764706,0.313791349,123.32,35.41360113,7.333333,0,0.720438175,0.6,0,0,0,0,0,0,1,0,0,0,0,1,0,1
450,28,1,59.0,174.0,158.0,13.0,35.0,10.0,0.0,3.0,17.0,0.0,1.0,12.0,31.0,0.0,3.0,0.0,1.0,4.0,0.221518987,0.287356322,0.341772152,0.281264368,48.94,14.11610344,1.1375,1,0.629128474,0.3,0,0,0,0,1,0,0,0,0,0,0,1,0,1
452,25,1,153.0,704.0,631.0,107.0,186.0,40.0,7.0,22.0,79.0,4.0,3.0,60.0,116.0,2.0,4.0,2.0,7.0,11.0,0.294770206,0.356125356,0.484944533,0.362102273,254.92,86.61198628,3.583333,0,0.841069889,3.3,1,0,0,0,0,0,0,0,1,1,0,0,0,1
454,32,1,114.0,445.0,405.0,43.0,104.0,24.0,0.0,7.0,38.0,0.0,0.0,34.0,71.0,1.0,4.0,1.0,1.0,18.0,0.256790124,0.31981982,0.367901235,0.30694382,136.59,35.38592279,22.177777,1,0.6877210549999999,1.8,0,0,0,0,1,0,0,0,0,0,0,1,0,1
455,35,1,104.0,260.0,245.0,26.0,57.0,9.0,0.0,2.0,15.0,0.0,0.0,12.0,41.0,0.0,0.0,0.0,3.0,10.0,0.232653061,0.265384615,0.293877551,0.250384615,65.1,11.95364898,15.0,1,0.559262166,-1.3,0,1,0,0,0,0,0,0,0,0,0,1,0,1
456,26,1,139.0,518.0,459.0,65.0,100.0,24.0,2.0,20.0,67.0,9.0,1.0,48.0,75.0,2.0,8.0,0.0,3.0,12.0,0.217864924,0.301158301,0.409586057,0.310888031,161.04,40.85407277,3.6,1,0.710744358,0.9,0,0,1,0,0,0,0,0,0,1,0,0,0,1
458,28,2,149.0,611.0,555.0,76.0,148.0,30.0,2.0,24.0,84.0,19.0,7.0,44.0,133.0,1.0,8.0,0.0,4.0,13.0,0.266666667,0.327332242,0.457657658,0.339770867,207.6,62.74363339,3.129032,0,0.7849899,1.9,0,0,0,0,0,0,1,0,0,0,0,1,0,1
459,39,1,131.0,545.0,491.0,55.0,120.0,22.0,0.0,23.0,93.0,3.0,0.0,43.0,68.0,1.0,3.0,0.0,8.0,21.0,0.244399185,0.304587156,0.429735234,0.317137615,172.84,45.37549075,28.0,1,0.73432239,-0.6,0,1,0,0,0,0,0,0,0,0,0,1,0,1
462,25,1,119.0,445.0,421.0,54.0,116.0,20.0,3.0,11.0,50.0,2.0,1.0,18.0,91.0,1.0,5.0,0.0,1.0,8.0,0.275534442,0.312359551,0.41567696,0.317842697,141.44,40.178035,0.423728,0,0.728036511,-0.2,1,0,0,0,0,0,1,0,0,0,0,1,0,1
463,26,1,129.0,542.0,482.0,68.0,123.0,33.0,3.0,23.0,83.0,24.0,4.0,52.0,74.0,3.0,2.0,0.0,6.0,8.0,0.255186722,0.326568266,0.479253112,0.345,186.99,61.43371712,4.15,0,0.805821378,3.5,0,0,0,1,0,0,0,0,0,1,0,0,0,1
464,31,1,141.0,524.0,473.0,52.0,136.0,19.0,0.0,14.0,73.0,1.0,0.0,44.0,69.0,5.0,4.0,0.0,3.0,16.0,0.287526427,0.351145038,0.416490486,0.340152672,178.24,57.10192046,7.75,0,0.767635524,1.5,0,0,0,0,1,0,0,0,0,0,0,1,0,1
468,32,1,141.0,547.0,501.0,57.0,138.0,19.0,3.0,14.0,56.0,5.0,2.0,36.0,66.0,1.0,0.0,1.0,9.0,9.0,0.275449102,0.318681319,0.409181637,0.316745887,173.26,45.27783096,13.0,1,0.7278629560000001,0.9,0,0,0,0,0,0,1,0,0,0,1,0,0,1
471,29,1,146.0,646.0,545.0,117.0,174.0,44.0,3.0,34.0,126.0,5.0,1.0,80.0,86.0,8.0,12.0,0.0,9.0,13.0,0.319266055,0.411764706,0.598165138,0.426996904,275.84,149.3759082,18.8,1,1.009929844,6.8,0,0,0,1,0,0,0,0,0,0,0,1,0,1
472,27,1,140.0,494.0,440.0,64.0,95.0,19.0,1.0,33.0,64.0,5.0,0.0,46.0,154.0,1.0,2.0,0.0,6.0,6.0,0.215909091,0.289473684,0.488636364,0.327712551,161.89,48.01376708,0.5821,0,0.778110048,1.9,0,0,0,0,0,0,1,0,0,0,0,1,0,1
475,25,1,71.0,157.0,143.0,18.0,29.0,7.0,2.0,2.0,19.0,1.0,1.0,13.0,36.0,0.0,1.0,0.0,0.0,0.0,0.202797203,0.27388535,0.321678322,0.267579618,42.01,11.02276498,0.29184,1,0.595563672,-0.3,1,0,0,0,0,0,1,0,0,0,0,1,0,1
476,24,1,69.0,292.0,276.0,29.0,84.0,16.0,5.0,3.0,25.0,9.0,3.0,14.0,64.0,0.0,0.0,0.0,2.0,5.0,0.304347826,0.335616438,0.43115942,0.334143836,97.57,36.80853562,0.250656,0,0.766775858,1.3,1,0,0,0,0,0,1,0,0,1,0,0,0,1
477,24,1,134.0,546.0,491.0,83.0,154.0,37.0,4.0,16.0,68.0,3.0,2.0,46.0,121.0,0.0,6.0,0.0,3.0,9.0,0.313645621,0.377289377,0.50305499,0.381391941,208.24,88.91629143,0.486392,0,0.880344367,3.4,1,0,0,0,0,0,1,0,0,1,0,0,0,1
485,29,1,146.0,613.0,512.0,89.0,150.0,29.0,3.0,27.0,94.0,5.0,2.0,71.0,86.0,3.0,27.0,0.0,3.0,15.0,0.29296875,0.4045677,0.51953125,0.402218597,246.56,116.1990727,11.285714,0,0.92409895,3.8,0,1,0,0,0,0,0,0,0,0,1,0,1,0
486,25,1,74.0,237.0,207.0,23.0,44.0,9.0,1.0,2.0,19.0,2.0,2.0,24.0,59.0,0.0,6.0,0.0,0.0,10.0,0.212560387,0.312236287,0.29468599,0.283544304,67.2,17.71596689,0.351,1,0.606922277,-0.1,1,0,0,1,0,0,0,0,0,0,0,1,0,1
488,22,1,155.0,617.0,546.0,86.0,139.0,33.0,3.0,17.0,65.0,28.0,9.0,35.0,140.0,3.0,25.0,6.0,5.0,6.0,0.254578755,0.325695581,0.419413919,0.324311183,200.1,53.29293695,0.5578,0,0.7451095000000001,3.6,1,0,0,0,0,0,1,0,0,0,0,1,0,1
490,27,1,84.0,294.0,276.0,29.0,61.0,12.0,3.0,14.0,43.0,3.0,1.0,13.0,82.0,0.0,0.0,0.0,5.0,5.0,0.221014493,0.25170068,0.438405797,0.289183674,85.02,21.8474402,0.378968,1,0.690106477,0.2,0,0,1,0,0,0,0,0,0,0,0,1,0,1
491,34,1,76.0,139.0,112.0,24.0,25.0,5.0,0.0,4.0,12.0,1.0,1.0,19.0,41.0,0.0,3.0,4.0,1.0,2.0,0.223214286,0.348148148,0.375,0.318920863,44.33,19.31617295,0.474456,1,0.7231481479999999,0.3,0,0,0,1,0,0,0,0,0,0,0,1,0,1
492,23,1,35.0,128.0,112.0,11.0,14.0,3.0,0.0,4.0,8.0,0.0,0.0,13.0,51.0,0.0,1.0,2.0,0.0,3.0,0.125,0.222222222,0.258928571,0.218203125,27.93,4.603138489,0.185008,0,0.48115079299999997,-0.6,1,0,0,0,1,0,0,0,0,0,0,1,0,1
494,30,1,132.0,526.0,483.0,52.0,137.0,29.0,1.0,5.0,46.0,9.0,5.0,32.0,62.0,2.0,5.0,1.0,5.0,15.0,0.283643892,0.331428571,0.378881988,0.315323194,165.86,43.43983409,3.155,1,0.7103105590000001,1.3,0,0,0,0,0,0,0,0,1,0,0,1,0,1
495,30,1,72.0,240.0,228.0,29.0,64.0,12.0,0.0,8.0,35.0,1.0,1.0,10.0,50.0,0.0,0.0,1.0,1.0,7.0,0.280701754,0.309623431,0.438596491,0.322,77.28,28.37372217,1.8,1,0.748219922,0.8,0,0,0,0,1,0,0,0,0,0,0,1,0,1
497,23,1,157.0,655.0,616.0,75.0,177.0,30.0,7.0,15.0,72.0,19.0,10.0,31.0,124.0,2.0,3.0,2.0,3.0,13.0,0.287337662,0.323124043,0.431818182,0.327389313,214.44,57.30796024,0.5755,1,0.754942225,2.0,1,0,0,0,0,0,0,0,1,0,0,1,0,1
498,27,1,137.0,590.0,562.0,91.0,155.0,28.0,1.0,32.0,109.0,3.0,1.0,22.0,86.0,2.0,0.0,0.0,6.0,10.0,0.275800712,0.3,0.5,0.337491525,199.12,59.86981078,4.19,0,0.8,1.0,0,0,0,0,0,0,1,0,0,0,1,0,0,1
499,25,1,127.0,413.0,370.0,35.0,86.0,13.0,2.0,12.0,46.0,0.0,1.0,40.0,88.0,0.0,0.0,1.0,2.0,12.0,0.232432432,0.305825243,0.375675676,0.301549637,124.54,31.62713444,0.513513,1,0.6815009190000001,-0.2,1,0,0,1,0,0,0,0,0,0,1,0,0,1
500,25,1,82.0,241.0,215.0,25.0,51.0,4.0,1.0,9.0,23.0,2.0,0.0,20.0,58.0,2.0,3.0,1.0,2.0,7.0,0.237209302,0.308333333,0.390697674,0.30713693,74.02,23.9532954,3.4,1,0.699031007,0.8,1,0,1,0,0,0,0,0,0,0,0,1,0,1
504,26,1,106.0,446.0,396.0,62.0,92.0,12.0,1.0,34.0,77.0,0.0,1.0,40.0,125.0,3.0,9.0,0.0,1.0,3.0,0.232323232,0.316143498,0.525252525,0.35603139,158.79,60.81033968,0.6698,0,0.8413960229999999,2.4,0,0,0,0,1,0,0,0,0,0,0,1,0,1
506,26,1,105.0,439.0,380.0,76.0,94.0,19.0,2.0,34.0,79.0,0.0,1.0,55.0,159.0,0.0,3.0,0.0,1.0,5.0,0.247368421,0.346241458,0.57631579,0.387084283,169.93,81.61597862,2.65,1,0.9225572479999999,2.8,0,0,0,1,0,0,0,0,0,0,0,1,0,1
507,24,1,93.0,405.0,380.0,46.0,99.0,20.0,1.0,20.0,59.0,1.0,2.0,19.0,86.0,0.0,2.0,1.0,3.0,1.0,0.260526316,0.297029703,0.47631579,0.327753086,132.74,42.3006728,0.346144,0,0.773345493,0.7,1,0,0,0,0,0,1,0,0,1,0,0,0,1
508,33,1,158.0,686.0,573.0,110.0,161.0,30.0,1.0,34.0,93.0,4.0,0.0,108.0,108.0,12.0,3.0,0.0,2.0,13.0,0.280977312,0.396501458,0.514834206,0.395728863,271.47,117.6957838,18.333333,0,0.9113356639999999,4.8,0,1,0,0,0,0,0,0,0,1,0,0,0,1
510,26,1,121.0,505.0,451.0,63.0,114.0,20.0,1.0,21.0,69.0,8.0,3.0,50.0,164.0,1.0,2.0,0.0,2.0,11.0,0.252771619,0.328712871,0.441241685,0.335861386,169.61,53.2494226,1.95,0,0.7699545560000001,0.4,0,0,0,0,0,0,1,0,0,0,0,1,0,1
512,27,1,121.0,464.0,433.0,61.0,111.0,23.0,1.0,23.0,59.0,1.0,1.0,20.0,116.0,1.0,10.0,0.0,1.0,13.0,0.256351039,0.30387931,0.473441109,0.332823276,154.43,48.7994679,7.5,0,0.777320419,2.1,0,0,1,0,0,0,0,0,0,0,0,1,0,1
513,26,1,155.0,610.0,529.0,82.0,132.0,29.0,3.0,38.0,92.0,2.0,3.0,70.0,156.0,5.0,5.0,0.0,6.0,6.0,0.24952741,0.339344262,0.531190926,0.368344262,224.69,84.09323663,3.39,1,0.870535188,2.1,0,0,0,0,0,0,1,0,0,0,1,0,0,1
515,25,1,134.0,541.0,489.0,82.0,133.0,44.0,1.0,19.0,87.0,1.0,0.0,44.0,98.0,3.0,4.0,0.0,4.0,8.0,0.27198364,0.334565619,0.482617587,0.351109057,189.95,65.40952467,4.0,0,0.8171832059999999,3.6,1,0,0,0,0,0,0,0,1,0,1,0,0,1
516,31,1,106.0,443.0,393.0,55.0,94.0,19.0,1.0,23.0,63.0,2.0,2.0,44.0,86.0,0.0,4.0,0.0,2.0,12.0,0.239185751,0.320541761,0.468193384,0.339841987,150.55,51.11313645,19.5,0,0.788735145,2.5,0,0,0,1,0,0,0,0,0,0,1,0,0,1
517,29,1,144.0,618.0,576.0,79.0,161.0,37.0,4.0,12.0,60.0,10.0,2.0,30.0,73.0,1.0,8.0,1.0,3.0,11.0,0.279513889,0.322528363,0.420138889,0.324142395,200.32,53.2472046,14.95,0,0.7426672519999999,1.7,0,0,0,0,0,0,0,0,1,0,0,1,0,1
518,28,1,162.0,747.0,657.0,123.0,187.0,43.0,7.0,33.0,92.0,10.0,8.0,87.0,102.0,2.0,2.0,0.0,1.0,11.0,0.284627093,0.369477912,0.522070015,0.38330656,286.33,110.6672924,5.9,0,0.8915479270000001,6.6,0,0,0,0,0,0,0,0,1,0,0,1,0,1
519,24,1,104.0,409.0,375.0,55.0,96.0,20.0,4.0,12.0,42.0,14.0,5.0,30.0,101.0,0.0,3.0,0.0,1.0,6.0,0.256,0.315403423,0.426666667,0.323447433,132.29,40.56711844,0.4476,1,0.74207009,0.6,1,0,0,0,0,0,1,0,0,0,0,1,0,1
520,25,1,96.0,341.0,305.0,37.0,76.0,13.0,0.0,13.0,44.0,3.0,1.0,29.0,73.0,0.0,4.0,1.0,2.0,5.0,0.249180328,0.320588235,0.419672131,0.323607038,110.35,36.17544779,0.5635,0,0.740260366,0.5,1,0,0,0,1,0,0,0,0,0,0,1,0,1
522,29,1,86.0,270.0,230.0,22.0,36.0,5.0,0.0,7.0,16.0,0.0,0.0,36.0,89.0,3.0,4.0,0.0,0.0,5.0,0.156521739,0.281481482,0.269565217,0.26062963,70.37,14.17049879,4.675,1,0.551046699,-1.2,0,0,0,1,0,0,0,0,0,0,1,0,0,1
525,29,1,103.0,424.0,398.0,47.0,105.0,19.0,0.0,7.0,40.0,10.0,2.0,24.0,37.0,1.0,2.0,0.0,0.0,21.0,0.263819096,0.308962264,0.364321608,0.299740566,127.09,31.46687366,13.0,0,0.6732838720000001,1.9,0,0,0,0,0,0,0,0,1,0,0,1,0,1
526,24,1,59.0,198.0,167.0,29.0,35.0,7.0,0.0,8.0,20.0,0.0,1.0,22.0,61.0,0.0,9.0,0.0,0.0,5.0,0.209580838,0.333333333,0.395209581,0.327626263,64.87,26.71960058,0.355096,1,0.7285429139999999,-0.2,1,0,0,0,1,0,0,0,0,0,1,0,0,1
527,29,1,27.0,80.0,72.0,7.0,15.0,2.0,0.0,0.0,6.0,0.0,0.0,7.0,31.0,0.0,0.0,0.0,1.0,0.0,0.208333333,0.275,0.236111111,0.24025,19.22,4.837022399,0.176056,0,0.5111111110000001,-0.6,0,1,0,0,0,0,0,0,0,0,1,0,0,1
528,26,1,68.0,192.0,168.0,20.0,40.0,9.0,3.0,5.0,21.0,1.0,0.0,22.0,59.0,1.0,2.0,0.0,0.0,1.0,0.238095238,0.333333333,0.416666667,0.33140625,63.63,27.31564492,0.271544,1,0.75,0.5,0,0,0,0,0,0,1,0,0,0,0,1,0,1
529,24,1,89.0,197.0,177.0,35.0,50.0,10.0,0.0,11.0,25.0,1.0,2.0,19.0,44.0,0.0,1.0,0.0,0.0,5.0,0.282485876,0.355329949,0.525423729,0.377563452,74.38,44.63623333,0.54126,1,0.880753678,0.7,1,1,0,0,0,0,0,0,0,0,1,0,1,0
531,31,1,67.0,211.0,191.0,21.0,48.0,12.0,0.0,5.0,20.0,2.0,0.0,16.0,37.0,0.0,3.0,0.0,1.0,8.0,0.251308901,0.317535545,0.392670157,0.31421801,66.3,23.90273638,0.5725,0,0.710205702,-0.3,0,0,0,0,1,0,0,0,0,0,0,1,0,1
532,26,1,134.0,566.0,510.0,70.0,116.0,19.0,9.0,6.0,37.0,46.0,9.0,42.0,141.0,0.0,11.0,2.0,1.0,7.0,0.22745098,0.29964539,0.335294118,0.2854947,161.59,31.70773072,0.5287,0,0.634939508,1.3,0,0,0,0,0,0,1,0,0,0,1,0,0,1
533,24,1,54.0,196.0,170.0,30.0,43.0,9.0,0.0,15.0,42.0,2.0,0.0,18.0,52.0,1.0,5.0,0.0,3.0,3.0,0.252941177,0.336734694,0.570588235,0.378673469,74.22,44.96905779,4.225,0,0.907322929,1.4,1,0,0,0,1,0,0,0,0,0,0,1,0,1
534,32,1,121.0,500.0,414.0,54.0,86.0,16.0,0.0,22.0,61.0,0.0,0.0,79.0,106.0,3.0,6.0,0.0,1.0,11.0,0.207729469,0.342,0.405797101,0.33464,167.32,52.21435609,8.0,0,0.747797101,0.4,0,1,0,0,0,0,0,0,0,1,0,0,1,0
537,31,1,81.0,228.0,215.0,27.0,71.0,13.0,1.0,4.0,23.0,0.0,1.0,10.0,49.0,0.0,1.0,0.0,2.0,4.0,0.330232558,0.359649123,0.455813954,0.355833333,81.13,39.50042567,0.429696,1,0.815463077,1.3,0,0,1,0,0,0,0,0,0,0,0,1,0,1
539,27,1,162.0,676.0,589.0,95.0,156.0,33.0,1.0,48.0,117.0,3.0,1.0,73.0,178.0,3.0,10.0,0.0,4.0,16.0,0.264855688,0.353550296,0.568760611,0.388668639,262.74,109.1995901,4.666667,0,0.922310907,3.8,0,0,0,0,0,0,1,0,0,0,0,1,0,1
541,20,1,150.0,659.0,542.0,110.0,153.0,32.0,5.0,34.0,110.0,12.0,1.0,108.0,132.0,3.0,3.0,0.0,6.0,11.0,0.282287823,0.40060698,0.54797048,0.406054628,267.59,125.9852964,0.5783,0,0.9485774600000001,5.6,1,0,0,0,0,0,1,0,0,0,1,0,1,0
543,29,1,122.0,556.0,479.0,96.0,140.0,20.0,3.0,39.0,96.0,6.0,2.0,67.0,113.0,1.0,6.0,0.0,4.0,12.0,0.292275574,0.383093525,0.590814196,0.410917266,228.47,118.0047776,12.0,0,0.973907721,6.3,0,0,0,0,0,0,1,0,0,0,0,1,0,1
544,29,1,71.0,210.0,191.0,26.0,50.0,5.0,0.0,6.0,13.0,0.0,0.0,16.0,40.0,5.0,2.0,1.0,0.0,3.0,0.261780105,0.325358852,0.382198953,0.314380952,66.02,23.8751854,0.536664,1,0.707557805,1.3,0,0,0,0,1,0,0,0,0,0,0,1,0,1
546,29,1,18.0,72.0,59.0,8.0,17.0,3.0,0.0,3.0,13.0,0.0,0.0,12.0,24.0,0.0,0.0,0.0,1.0,1.0,0.288135593,0.402777778,0.491525424,0.390416667,28.11,26.47535139,26.0,0,0.8943032019999999,0.4,0,0,0,0,0,0,1,0,0,0,0,1,0,1
547,26,1,56.0,197.0,186.0,26.0,40.0,7.0,0.0,4.0,12.0,2.0,0.0,9.0,56.0,0.0,1.0,1.0,0.0,4.0,0.215053763,0.255102041,0.317204301,0.25284264,49.81,10.3709676,0.226784,0,0.5723063420000001,-0.7,0,0,0,0,0,0,1,0,0,0,0,1,0,1
550,25,1,104.0,416.0,369.0,32.0,86.0,25.0,1.0,10.0,40.0,0.0,1.0,34.0,103.0,3.0,7.0,0.0,6.0,4.0,0.233062331,0.305288462,0.387533875,0.304783654,126.79,33.03202199,0.523425,0,0.692822337,-1.4,1,0,0,0,0,0,1,0,0,0,1,0,0,1
552,26,1,145.0,656.0,588.0,111.0,173.0,38.0,5.0,35.0,85.0,23.0,8.0,58.0,174.0,0.0,7.0,0.0,3.0,3.0,0.294217687,0.362804878,0.554421769,0.389756098,255.68,108.2157376,5.0,0,0.9172266469999999,6.3,0,0,0,0,0,0,0,0,1,0,0,1,0,1
555,27,1,159.0,662.0,575.0,87.0,156.0,22.0,2.0,49.0,103.0,3.0,2.0,70.0,189.0,4.0,11.0,0.0,6.0,12.0,0.271304348,0.358006042,0.572173913,0.391691843,259.3,110.8288781,7.285714,0,0.9301799550000001,4.2,0,0,0,1,0,0,0,0,0,0,0,1,0,1
558,35,1,85.0,309.0,280.0,37.0,74.0,11.0,0.0,17.0,63.0,0.0,1.0,20.0,36.0,1.0,6.0,0.0,3.0,10.0,0.264285714,0.323624596,0.485714286,0.346569579,107.09,43.59095357,4.0,0,0.809338882,0.6,0,0,0,0,1,0,0,0,0,0,0,1,0,1
559,25,1,127.0,545.0,483.0,77.0,121.0,26.0,3.0,17.0,65.0,10.0,5.0,51.0,124.0,2.0,5.0,1.0,5.0,7.0,0.250517598,0.325367647,0.422360248,0.326678899,178.04,50.54523836,0.565,0,0.7477278949999999,2.0,1,0,0,0,0,0,0,0,1,0,0,1,0,1
561,25,1,138.0,447.0,426.0,54.0,117.0,23.0,5.0,9.0,44.0,9.0,3.0,21.0,100.0,0.0,0.0,0.0,0.0,2.0,0.274647887,0.308724832,0.415492958,0.31541387,140.99,39.18398713,0.56,0,0.72421779,0.0,1,0,0,0,0,0,1,0,0,0,1,0,1,0
565,28,1,124.0,414.0,366.0,52.0,96.0,29.0,4.0,12.0,52.0,8.0,0.0,37.0,115.0,3.0,4.0,2.0,5.0,6.0,0.262295082,0.332524272,0.461748634,0.340917874,141.14,49.51207556,3.5,1,0.794272906,1.9,0,0,0,0,0,0,1,0,0,0,0,1,0,1
566,28,1,53.0,97.0,88.0,10.0,22.0,7.0,0.0,1.0,3.0,6.0,0.0,7.0,34.0,0.0,0.0,2.0,0.0,0.0,0.25,0.305263158,0.363636364,0.291443299,28.27,11.05341521,3.25,0,0.668899522,0.3,0,0,0,0,0,0,1,0,0,0,0,1,0,1
569,24,1,111.0,409.0,370.0,49.0,84.0,19.0,0.0,21.0,54.0,1.0,1.0,29.0,116.0,3.0,7.0,0.0,3.0,9.0,0.227027027,0.293398533,0.448648649,0.318435208,130.24,38.3252848,0.468488,0,0.7420471820000001,-0.3,1,1,0,0,0,0,0,0,0,0,1,0,1,0
570,23,1,53.0,164.0,147.0,17.0,31.0,7.0,0.0,8.0,23.0,0.0,0.0,17.0,52.0,0.0,0.0,0.0,0.0,4.0,0.210884354,0.292682927,0.421768708,0.310487805,50.92,19.47726431,0.265576,1,0.714451635,-0.3,1,0,0,1,0,0,0,0,0,0,1,0,0,1
571,32,1,149.0,459.0,396.0,67.0,98.0,23.0,2.0,25.0,61.0,3.0,2.0,51.0,140.0,4.0,10.0,0.0,2.0,0.0,0.247474748,0.346405229,0.505050505,0.365599129,167.81,68.21574329,6.0,1,0.851455734,2.6,0,1,0,0,0,0,0,0,0,0,1,0,0,1
576,22,1,144.0,604.0,546.0,96.0,152.0,26.0,0.0,38.0,90.0,5.0,2.0,48.0,129.0,3.0,3.0,1.0,6.0,10.0,0.278388278,0.336650083,0.534798535,0.368129139,222.35,83.38541514,0.6052,1,0.871448618,3.6,1,0,0,0,0,0,0,0,1,0,0,1,0,1
578,26,1,7.0,17.0,16.0,3.0,3.0,0.0,0.0,0.0,1.0,1.0,0.0,0.0,3.0,0.0,1.0,0.0,0.0,0.0,0.1875,0.235294118,0.1875,0.202941177,3.45,0.97118169,0.8,1,0.422794118,0.0,0,0,0,0,0,0,0,0,1,0,0,1,0,1
580,25,1,59.0,157.0,144.0,17.0,31.0,4.0,1.0,6.0,16.0,2.0,0.0,11.0,36.0,2.0,1.0,0.0,1.0,6.0,0.215277778,0.27388535,0.381944444,0.285923567,44.89,14.03173424,0.36006,1,0.655829794,-0.6,1,1,0,0,0,0,0,0,0,0,0,1,0,1
582,27,1,134.0,600.0,470.0,110.0,137.0,27.0,2.0,45.0,104.0,11.0,2.0,110.0,120.0,14.0,16.0,0.0,4.0,5.0,0.291489362,0.438333333,0.644680851,0.45375,272.25,177.7522501,17.666667,0,1.083014184,8.3,0,0,0,0,0,0,1,0,0,0,0,1,0,1
583,33,1,12.0,31.0,29.0,1.0,5.0,3.0,0.0,0.0,3.0,0.0,0.0,2.0,5.0,0.0,0.0,0.0,0.0,2.0,0.172413793,0.225806452,0.275862069,0.224516129,6.96,2.060621823,11.0,0,0.501668521,-0.3,0,0,0,0,0,1,0,0,0,0,0,1,0,1
584,23,1,56.0,159.0,147.0,16.0,31.0,10.0,3.0,2.0,13.0,0.0,0.0,10.0,40.0,1.0,1.0,1.0,0.0,2.0,0.210884354,0.265822785,0.360544218,0.272515723,43.33,11.87695741,0.235736,0,0.626367003,-0.2,1,0,0,0,0,0,0,0,1,1,0,0,0,1
587,34,1,135.0,549.0,479.0,80.0,139.0,24.0,0.0,27.0,67.0,2.0,0.0,51.0,88.0,1.0,14.0,0.0,5.0,11.0,0.290187891,0.3715847,0.509394572,0.380382514,208.83,88.37202869,19.0,1,0.880979272,4.1,0,0,0,1,0,0,0,0,0,0,0,1,0,1
588,26,1,122.0,569.0,521.0,96.0,155.0,37.0,5.0,19.0,57.0,35.0,5.0,43.0,113.0,2.0,3.0,0.0,2.0,10.0,0.297504799,0.353251318,0.497120921,0.366502636,208.54,78.9765665,3.725,0,0.8503722389999999,4.2,0,0,0,0,0,0,0,0,1,0,0,1,0,1
589,31,1,63.0,256.0,219.0,34.0,47.0,8.0,0.0,12.0,40.0,1.0,1.0,32.0,78.0,0.0,0.0,0.0,5.0,5.0,0.214611872,0.30859375,0.415525114,0.315078125,80.66,27.32132519,18.0,0,0.724118864,-0.1,0,0,0,0,0,0,1,0,0,0,0,1,0,1
590,23,1,30.0,80.0,74.0,4.0,18.0,6.0,0.0,0.0,4.0,0.0,0.0,2.0,23.0,0.0,1.0,3.0,0.0,0.0,0.243243243,0.272727273,0.324324324,0.255375,20.43,6.040774691,0.18132,1,0.597051597,-0.5,1,0,0,0,0,0,0,0,1,1,0,0,0,1
592,27,1,132.0,476.0,442.0,73.0,139.0,34.0,0.0,21.0,74.0,1.0,1.0,25.0,87.0,1.0,5.0,0.0,4.0,13.0,0.314479638,0.355042017,0.533936652,0.379117647,180.46,79.68774824,0.528168,1,0.8889786689999999,2.8,0,0,0,1,0,0,0,0,0,0,0,1,0,1
593,26,1,40.0,86.0,79.0,11.0,15.0,5.0,1.0,1.0,4.0,0.0,0.0,7.0,34.0,0.0,0.0,0.0,0.0,1.0,0.189873418,0.255813954,0.316455696,0.255232558,21.95,6.314108783,0.23872,1,0.57226965,-0.2,0,0,1,0,0,0,0,0,0,0,0,1,0,1
595,24,1,95.0,260.0,228.0,33.0,54.0,13.0,1.0,8.0,23.0,9.0,3.0,29.0,56.0,0.0,2.0,0.0,1.0,5.0,0.236842105,0.326923077,0.407894737,0.324846154,84.46,30.83724852,0.364048,1,0.734817814,0.0,1,0,0,0,0,0,1,0,0,0,1,0,0,1
596,27,1,92.0,211.0,201.0,25.0,54.0,9.0,1.0,6.0,24.0,1.0,0.0,9.0,24.0,0.0,0.0,0.0,1.0,6.0,0.268656716,0.298578199,0.412935323,0.308530806,65.1,22.36522011,0.420744,1,0.711513522,0.3,0,0,1,0,0,0,0,0,0,1,0,0,0,1
597,28,1,138.0,521.0,482.0,66.0,133.0,26.0,1.0,23.0,72.0,4.0,2.0,33.0,101.0,3.0,0.0,3.0,3.0,17.0,0.27593361,0.320463321,0.477178423,0.339942418,177.11,56.76457578,2.85,1,0.7976417440000001,3.5,0,0,0,0,1,0,0,0,0,0,0,1,0,1
600,28,1,162.0,713.0,642.0,111.0,176.0,33.0,5.0,24.0,73.0,40.0,9.0,61.0,176.0,0.0,4.0,2.0,4.0,8.0,0.274143302,0.338959212,0.453271028,0.343674614,245.04,72.20042859,4.825,1,0.7922302400000001,3.9,0,0,1,0,0,0,0,0,0,1,0,0,0,1
601,22,1,42.0,148.0,133.0,7.0,28.0,7.0,0.0,1.0,15.0,0.0,1.0,10.0,44.0,0.0,0.0,1.0,4.0,4.0,0.210526316,0.258503401,0.285714286,0.242094595,35.83,7.373250343,0.214848,0,0.544217687,-0.9,1,0,0,0,1,0,0,0,0,0,1,0,0,1
602,26,1,144.0,558.0,462.0,73.0,96.0,17.0,0.0,30.0,76.0,0.0,0.0,92.0,149.0,2.0,2.0,0.0,2.0,4.0,0.207792208,0.340501792,0.439393939,0.343046595,191.42,61.30797373,0.5586,0,0.7798957310000001,1.2,0,1,0,0,0,0,0,0,0,0,1,0,0,1
603,34,1,99.0,280.0,255.0,30.0,67.0,24.0,2.0,10.0,40.0,3.0,1.0,20.0,66.0,1.0,1.0,0.0,4.0,1.0,0.262745098,0.314285714,0.490196078,0.340821429,95.43,38.5092245,0.453568,1,0.804481792,0.8,0,0,0,0,1,0,0,0,0,0,1,0,0,1
604,28,1,118.0,510.0,429.0,72.0,113.0,21.0,1.0,21.0,62.0,0.0,0.0,71.0,142.0,2.0,9.0,0.0,1.0,12.0,0.263403263,0.378431373,0.463869464,0.371411765,189.42,77.28678564,0.5732,0,0.842300837,1.4,0,1,0,0,0,0,0,0,0,0,0,1,0,1
605,35,1,142.0,608.0,525.0,79.0,137.0,32.0,1.0,15.0,47.0,5.0,0.0,76.0,123.0,2.0,4.0,0.0,3.0,14.0,0.260952381,0.356907895,0.411428571,0.342615132,208.31,64.47329102,25.0,1,0.768336466,0.6,0,1,0,0,0,0,0,0,0,0,1,0,0,1
609,28,1,152.0,603.0,529.0,86.0,137.0,26.0,1.0,29.0,73.0,8.0,1.0,67.0,155.0,6.0,6.0,0.0,1.0,11.0,0.258979206,0.348258707,0.47637051,0.358192372,215.99,75.40016106,0.5598,0,0.824629217,3.2,0,1,0,0,0,0,0,0,0,0,0,1,0,1
610,33,1,115.0,381.0,337.0,37.0,88.0,19.0,1.0,8.0,38.0,3.0,0.0,42.0,77.0,1.0,1.0,0.0,1.0,8.0,0.261127596,0.343832021,0.394658754,0.329947507,125.71,41.67897071,2.0,1,0.738490775,0.7,0,1,0,0,0,0,0,0,0,1,0,0,0,1
617,33,1,67.0,183.0,168.0,15.0,36.0,4.0,0.0,11.0,27.0,1.0,1.0,12.0,47.0,0.0,1.0,0.0,2.0,3.0,0.214285714,0.267759563,0.43452381,0.298907104,54.7,18.19308476,1.5,0,0.702283373,-0.3,0,0,0,0,1,0,0,0,0,1,0,0,0,1
618,27,1,117.0,361.0,329.0,41.0,74.0,18.0,2.0,10.0,35.0,3.0,3.0,22.0,108.0,0.0,7.0,1.0,2.0,5.0,0.224924012,0.286111111,0.382978723,0.292603878,105.63,26.00457958,0.471472,1,0.669089834,-1.1,0,0,0,0,0,0,1,0,0,1,0,0,0,1
619,25,1,67.0,112.0,106.0,9.0,16.0,4.0,0.0,2.0,5.0,0.0,0.0,4.0,43.0,0.0,2.0,0.0,0.0,1.0,0.150943396,0.196428571,0.245283019,0.198571429,22.24,2.998487799,0.333828,0,0.44171159,-0.9,1,0,0,0,0,0,1,0,0,0,1,0,1,0
623,27,1,121.0,411.0,359.0,42.0,94.0,17.0,2.0,1.0,42.0,0.0,1.0,36.0,68.0,5.0,8.0,2.0,6.0,9.0,0.26183844,0.337408313,0.328690808,0.303333333,124.67,32.2131957,0.96,1,0.666099121,-0.5,0,0,0,0,1,0,0,0,0,0,1,0,0,1
625,28,1,148.0,549.0,478.0,61.0,136.0,25.0,4.0,11.0,59.0,24.0,4.0,47.0,83.0,5.0,13.0,6.0,5.0,2.0,0.284518829,0.360957643,0.422594142,0.343679417,188.68,61.08166528,6.5,0,0.783551785,3.6,0,0,1,0,0,0,0,0,0,0,1,0,0,1
626,28,1,28.0,74.0,70.0,8.0,15.0,1.0,0.0,1.0,5.0,0.0,0.0,3.0,14.0,0.0,0.0,1.0,0.0,2.0,0.214285714,0.246575343,0.271428571,0.230405405,17.05,3.951548715,0.252,0,0.518003914,-0.3,0,0,0,0,1,0,0,0,0,0,0,1,0,1
627,29,1,107.0,411.0,371.0,64.0,101.0,22.0,3.0,21.0,55.0,2.0,4.0,32.0,107.0,1.0,4.0,1.0,3.0,4.0,0.272237197,0.334146342,0.517520216,0.361192214,148.45,60.8152104,0.381952,0,0.851666558,2.6,0,0,0,0,0,0,1,0,0,0,1,0,1,0
628,27,1,130.0,580.0,489.0,100.0,161.0,29.0,3.0,44.0,97.0,30.0,2.0,80.0,118.0,16.0,8.0,0.0,3.0,8.0,0.329243354,0.429310345,0.670756646,0.459551724,266.54,182.1700072,9.75,0,1.1000669909999998,7.3,0,0,0,0,0,0,1,0,0,0,1,0,0,1
631,26,1,9.0,14.0,13.0,1.0,0.0,0.0,0.0,0.0,0.0,0.0,0.0,1.0,7.0,0.0,0.0,0.0,0.0,0.0,0.0,0.071428571,0.0,0.051428571,0.72,0.005798183,0.518924,0,0.071428571,-0.3,0,0,0,0,0,0,1,0,0,0,1,0,0,1
632,34,1,52.0,190.0,171.0,20.0,44.0,9.0,0.0,6.0,27.0,0.0,0.0,17.0,39.0,0.0,0.0,0.0,2.0,4.0,0.257309942,0.321052632,0.415204678,0.322105263,61.2,24.4624594,18.0,0,0.73625731,0.0,0,1,0,0,0,0,0,0,0,0,0,1,0,1
633,38,1,47.0,176.0,150.0,24.0,39.0,5.0,0.0,1.0,17.0,0.0,0.0,23.0,24.0,0.0,1.0,0.0,2.0,6.0,0.26,0.357954546,0.313333333,0.313409091,55.16,21.08434132,3.086022,1,0.671287879,-0.1,0,0,1,0,0,0,0,0,0,1,0,0,0,1
634,28,1,90.0,289.0,266.0,30.0,44.0,10.0,1.0,9.0,32.0,0.0,0.0,20.0,98.0,0.0,3.0,0.0,0.0,4.0,0.165413534,0.23183391,0.312030075,0.241384083,69.76,11.19488853,4.4475,0,0.543863985,0.4,0,0,0,0,1,0,0,0,0,0,0,1,0,1
